variable,ari,nmi,n_unique_values,n_samples_used
Phase,0.08591291804812633,0.12426751924670867,3,312
Puzzler,0.0009373594674036031,0.03077899863125004,2,312
Cohort,0.044391408193560945,0.09015512752697083,6,312
Round,0.002189190039616577,0.01942413203902718,4,312
Individual,0.014339974097308382,0.07114485069724169,8,312
