variable,test,chi2,dof,p_value,cramers_v,n_unique_values,n_samples_used,interpretation
Individual,chi_square,114.71105655861756,14,6.79158450458266e-18,0.42875613279350416,8,312,strong
Round,chi_square,18.48463731390561,6,0.005128600274712707,0.17211280082603406,4,312,moderate
Cohort,chi_square,11.346769964452891,10,0.3311471767099754,0.13484778909972817,6,312,moderate
Puzzler,chi_square,2.343786295005807,2,0.309779926693552,0.08667257675248873,2,312,weak
Phase,chi_square,0.8009502692429521,4,0.9383206221665185,0.035827003076280436,3,312,very weak
