variable,ari,nmi,n_unique_values,n_samples_used
Phase,-0.003240032638875912,0.0013325536852579944,3,312
Puzzler,0.0006200748092819288,0.004893929694626762,2,312
Cohort,-0.011675679744076394,0.016023062457941658,6,312
Round,0.010862042073981098,0.02569906589858148,4,312
Individual,0.037486986445762975,0.11204382931583638,8,312
