variable,test,chi2,dof,p_value,cramers_v,n_unique_values,n_samples_used,interpretation
Individual,chi_square,52.756706212378006,7,4.1406338565437e-09,0.41120798519843355,8,312,strong
Round,chi_square,14.204196131143709,3,0.002639980160629694,0.21336885820358517,4,312,moderate
Puzzler,chi_square,12.326106013675414,1,0.00044666720376348404,0.19876304999629948,2,312,moderate
Phase,chi_square,5.397229852141897,2,0.06729866183763597,0.13152495439520184,3,312,moderate
Cohort,chi_square,2.6819005318216345,5,0.7488852484948729,0.09271372626472228,6,312,weak
