variable,ari,nmi,n_unique_values,n_samples_used
Phase,0.004648284507418195,0.01059885606955874,3,312
Puzzler,0.02775755705741397,0.03535488151578663,2,312
Cohort,0.006957125749039657,0.003955354761394452,6,312
Round,0.01101598291407988,0.023028352025593418,4,312
Individual,0.025408739360258226,0.06573675643900126,8,312
