,upset,upset,upset,hostile,hostile,hostile,alert,alert,alert,ashamed,ashamed,ashamed,inspired,inspired,inspired,nervous,nervous,nervous,determined,determined,determined,attentive,attentive,attentive,afraid,afraid,afraid,active,active,active,frustrated,frustrated,frustrated,difficulty,difficulty,difficulty
,mean,std,count,mean,std,count,mean,std,count,mean,std,count,mean,std,count,mean,std,count,mean,std,count,mean,std,count,mean,std,count,mean,std,count,mean,std,count,mean,std,count
Cluster,,,,,,,,,,,,,,,,,,,,,,,,,,,,,,,,,,,,
0,1.3195020746887967,0.5930090648863174,241,1.066390041493776,0.2953653058509326,241,2.215767634854772,1.0738949416872514,241,1.161825726141079,0.459568623278477,241,2.209205020920502,1.0239562198369379,239,1.3360995850622406,0.5468696280115521,241,2.9748953974895396,1.1073652817221613,239,2.8333333333333335,1.1302855071859197,240,1.0583333333333333,0.28331077110921715,240,2.575,1.1690750196944764,240,2.0,1.9343388189938875,241,3.101449275362319,2.999488654894179,138
1,1.4366197183098592,0.6914249131053759,71,1.028169014084507,0.16663312875171468,71,2.112676056338028,0.9031578848628514,71,1.4225352112676057,0.7495135914327736,71,2.0985915492957745,1.0440981012675115,71,1.5352112676056338,0.6509550328005538,71,2.704225352112676,1.074301981982229,71,2.619718309859155,1.046984747918634,71,1.028169014084507,0.23735633163877065,71,2.4788732394366195,1.193544001577744,71,2.0985915492957745,2.1656733006320286,71,3.5853658536585367,3.2247140164369426,41
