variable,test,chi2,dof,p_value,cramers_v,n_unique_values,n_samples_used,interpretation
Round,chi_square,22.77420727814429,3,4.500421128022258e-05,0.27017448824161083,4,312,moderate
Phase,chi_square,2.0981485422430306,2,0.3502618465812279,0.08200509174003627,3,312,weak
Cohort,chi_square,0.7580336241753564,5,0.9796325166078219,0.04929092157060962,6,312,very weak
Puzzler,chi_square,0.05311768461374761,1,0.8177244424613325,0.013047949614656969,2,312,very weak
