variable,ari,nmi,n_unique_values,n_samples_used
Phase,0.0001878192156108197,0.0037796496312010835,3,312
Puzzler,-0.002743008251423691,0.0002798481464512896,2,312
Cohort,-0.0023532025963188155,0.001031974644869482,6,312
Round,0.03019821558608403,0.03527838667038952,4,312
