,participant_ID,participant_ID,participant_ID,upset,upset,upset,hostile,hostile,hostile,alert,alert,alert,ashamed,ashamed,ashamed,inspired,inspired,inspired,nervous,nervous,nervous,determined,determined,determined,attentive,attentive,attentive,afraid,afraid,afraid,active,active,active,frustrated,frustrated,frustrated,difficulty,difficulty,difficulty
,mean,std,count,mean,std,count,mean,std,count,mean,std,count,mean,std,count,mean,std,count,mean,std,count,mean,std,count,mean,std,count,mean,std,count,mean,std,count,mean,std,count,mean,std,count
Cluster,,,,,,,,,,,,,,,,,,,,,,,,,,,,,,,,,,,,,,,
0,12.047244094488189,8.691227348360954,127,1.2125984251968505,0.4818931130224343,127,1.0393700787401574,0.23236447844635064,127,2.1023622047244093,0.9745544009776681,127,1.236220472440945,0.5970388957761599,127,2.1968503937007875,0.8912214738972339,127,1.4803149606299213,0.652837441794911,127,2.8976377952755907,1.0376610272382154,127,2.7716535433070866,1.0403675813922442,127,1.0551181102362204,0.22911446554115694,127,2.52755905511811,1.1739687920295914,127,1.7007874015748032,1.7104485656438302,127,2.7972972972972974,2.9376149571431163,74
1,11.383783783783784,8.675224389827969,185,1.4378378378378378,0.6818099917608019,185,1.0702702702702702,0.2956798217528115,185,2.254054054054054,1.0760724161915716,185,1.2108108108108109,0.5148785123611072,185,2.1748633879781423,1.1153385421710282,183,1.3135135135135134,0.5097751860433409,185,2.9234972677595628,1.150558779077963,183,2.7934782608695654,1.1644839235764473,184,1.048913043478261,0.3008165809061457,184,2.5706521739130435,1.1759928295642386,184,2.2432432432432434,2.1316125428657218,185,3.5047619047619047,3.1074470399714156,105
