variable,test,chi2,dof,p_value,cramers_v,n_unique_values,n_samples_used,interpretation
Cohort,chi_square,102.0842105263158,5,1.9215477437810162e-20,0.5720078517434357,6,312,very strong
Round,chi_square,3.386842105263158,3,0.3357375749859907,0.10418859418331133,4,312,moderate
Puzzler,chi_square,0.3207236842105263,1,0.5711730615184274,0.03206182350266106,2,312,very weak
Phase,chi_square,0.10263157894736843,2,0.9499786299085349,0.018136906252750294,3,312,very weak
