variable,ari,nmi,n_unique_values,n_samples_used
Phase,-0.004081866578364197,0.00018359757045465714,3,312
Puzzler,-0.0017396200724903554,0.0010683017962198247,2,312
Cohort,0.16470436093114935,0.1657317763053492,6,312
Round,0.0006068083579224326,0.005241082527969702,4,312
