,participant_ID,participant_ID,participant_ID,upset,upset,upset,hostile,hostile,hostile,alert,alert,alert,ashamed,ashamed,ashamed,inspired,inspired,inspired,nervous,nervous,nervous,determined,determined,determined,attentive,attentive,attentive,afraid,afraid,afraid,active,active,active,frustrated,frustrated,frustrated,difficulty,difficulty,difficulty
,mean,std,count,mean,std,count,mean,std,count,mean,std,count,mean,std,count,mean,std,count,mean,std,count,mean,std,count,mean,std,count,mean,std,count,mean,std,count,mean,std,count,mean,std,count
Cluster,,,,,,,,,,,,,,,,,,,,,,,,,,,,,,,,,,,,,,,
0,11.49375,8.57596236600562,160,1.3125,0.5954491988639108,160,1.06875,0.2993047499344662,160,2.21875,1.0679544604334723,160,1.1625,0.4743416490252568,160,2.04375,1.0893820012530442,160,1.33125,0.5346117735587883,160,2.8679245283018866,1.1912827229140621,159,2.792452830188679,1.2532260734262421,159,1.0440251572327044,0.2345453978804647,159,2.49685534591195,1.2318259259546993,159,1.825,2.011132538658334,160,3.3563218390804597,3.1102868016050285,87
1,11.822368421052632,8.80103995486943,152,1.381578947368421,0.6400973697279652,152,1.0460526315789473,0.23972433919186417,152,2.164473684210526,1.0062327548429277,152,1.2828947368421053,0.6135097505434213,152,2.3333333333333335,0.9388459763655632,150,1.4342105263157894,0.6162378124375902,152,2.9602649006622515,1.0058548251909034,151,2.776315789473684,0.9504085452729524,152,1.0592105263157894,0.3095297144489903,152,2.611842105263158,1.1101538709963834,152,2.2302631578947367,1.9444960352110652,152,3.0760869565217392,3.0026863271358626,92
