component,explained_variance_ratio,cumulative_explained_variance_ratio
1,0.42762604,0.42762604
2,0.34111327,0.76873934
3,0.19148786,0.9602272
