variable,test,chi2,dof,p_value,cramers_v,n_unique_values,n_samples_used,interpretation
Cohort,chi_square,213.41408682908963,5,3.823523974411309e-44,0.8270547195123156,6,312,very strong
Individual,chi_square,14.1216339989009,7,0.049059785336661194,0.21274784941891817,8,312,moderate
Puzzler,chi_square,1.157354826891372,1,0.28201480229805026,0.060905423395710895,2,312,weak
Round,chi_square,1.0859131709104233,3,0.780475742519103,0.05899568571010259,4,312,weak
Phase,chi_square,0.3714966111009342,2,0.830482596538546,0.03450643804204004,3,312,very weak
