,participant_ID,participant_ID,participant_ID,upset,upset,upset,hostile,hostile,hostile,alert,alert,alert,ashamed,ashamed,ashamed,inspired,inspired,inspired,nervous,nervous,nervous,determined,determined,determined,attentive,attentive,attentive,afraid,afraid,afraid,active,active,active,frustrated,frustrated,frustrated,difficulty,difficulty,difficulty
,mean,std,count,mean,std,count,mean,std,count,mean,std,count,mean,std,count,mean,std,count,mean,std,count,mean,std,count,mean,std,count,mean,std,count,mean,std,count,mean,std,count,mean,std,count
Cluster,,,,,,,,,,,,,,,,,,,,,,,,,,,,,,,,,,,,,,,
0,7.811320754716981,8.28781458648455,106,1.3018867924528301,0.6042675427759386,106,1.0943396226415094,0.3526309790240717,106,2.009433962264151,1.0555547674214045,106,1.179245283018868,0.5126433794572477,106,1.9433962264150944,0.9444594188690094,106,1.3584905660377358,0.5552979336790729,106,2.704761904761905,1.1259509615278844,105,2.5142857142857142,1.2177713385389854,105,1.0380952380952382,0.19234431885641173,105,2.257142857142857,1.209168272858626,105,1.5754716981132075,1.9021196858219451,106,4.270833333333333,2.8564192979452017,48
1,13.631067961165048,8.209441668739228,206,1.3689320388349515,0.6245434041373206,206,1.0388349514563107,0.21740509999570837,206,2.2864077669902914,1.0171743303292917,206,1.2427184466019416,0.566822885702072,206,2.3088235294117645,1.0493819847822392,204,1.3932038834951457,0.5891311727591338,206,3.0195121951219512,1.0799463295022826,205,2.9223300970873787,1.0330095306938756,206,1.058252427184466,0.3068404755456888,206,2.703883495145631,1.1282122555962069,206,2.2524271844660193,1.9937387190998443,206,2.8244274809160306,3.036903574950427,131
