variable,test,chi2,dof,p_value,cramers_v,n_unique_values,n_samples_used,interpretation
Cohort,chi_square,103.52960526315792,5,9.522922972947079e-21,0.5760431041985807,6,312,very strong
Round,chi_square,2.7710526315789474,3,0.4282873644358073,0.09424212936563149,4,312,weak
Phase,chi_square,0.6414473684210527,2,0.7256237245841752,0.045342265631875725,3,312,very weak
Puzzler,chi_square,0.3207236842105263,1,0.5711730615184274,0.03206182350266106,2,312,very weak
