variable,ari,nmi,n_unique_values,n_samples_used
Phase,-0.002926611307810523,0.0011476031431460476,3,312
Puzzler,-0.0017396200724903554,0.0010683017962198247,2,312
Cohort,0.16949352137658166,0.16503194209073435,6,312
Round,-0.0003838341581609088,0.00428184873440434,4,312
