,participant_ID,participant_ID,participant_ID,upset,upset,upset,hostile,hostile,hostile,alert,alert,alert,ashamed,ashamed,ashamed,inspired,inspired,inspired,nervous,nervous,nervous,determined,determined,determined,attentive,attentive,attentive,afraid,afraid,afraid,active,active,active,frustrated,frustrated,frustrated,difficulty,difficulty,difficulty
,mean,std,count,mean,std,count,mean,std,count,mean,std,count,mean,std,count,mean,std,count,mean,std,count,mean,std,count,mean,std,count,mean,std,count,mean,std,count,mean,std,count,mean,std,count
Cluster,,,,,,,,,,,,,,,,,,,,,,,,,,,,,,,,,,,,,,,
0,11.79375,8.737324601671187,160,1.33125,0.6415574112654966,160,1.05,0.24571804673358041,160,2.175,1.0553845166513582,160,1.175,0.44226404361730515,160,2.1125,1.087305248953814,160,1.4,0.5849259481164041,160,2.8875,1.160066686437091,160,2.79375,1.249386641969601,160,1.05625,0.2569015914177177,160,2.575,1.2716057298060084,160,1.7875,2.0230977554982084,160,3.4615384615384617,3.001139384773325,91
1,11.506578947368421,8.633061899194018,152,1.361842105263158,0.5929982422414917,152,1.0657894736842106,0.2972512624044609,152,2.210526315789474,1.0205282293266378,152,1.269736842105263,0.6404716260688159,152,2.26,0.9583963115188237,150,1.361842105263158,0.570225261696054,152,2.94,1.0441913476321276,150,2.774834437086093,0.9533952341008325,151,1.0463576158940397,0.29069453255656214,151,2.5298013245033113,1.0633779323136094,151,2.2697368421052633,1.9222310255845325,152,2.9545454545454546,3.095822513063838,88
