variable,test,chi2,dof,p_value,cramers_v,n_unique_values,n_samples_used,interpretation
Individual,chi_square,47.35319148936169,7,4.7629371236845114e-08,0.389580607378486,8,312,strong
Round,chi_square,16.19054987565626,3,0.0010364029908897906,0.22779988600304615,4,312,moderate
Puzzler,chi_square,9.931583310306713,1,0.0016246672355457175,0.1784152397903402,2,312,moderate
Cohort,chi_square,5.4370820668693005,5,0.364894394740587,0.13200964012571034,6,312,moderate
Phase,chi_square,4.7933683337938655,2,0.09101925814421367,0.12394902195746084,3,312,moderate
