variable,ari,nmi,n_unique_values,n_samples_used
Phase,0.004091143428930483,0.009617258174406852,3,312
Puzzler,0.023347104345848652,0.027983581237665995,2,312
Cohort,0.011351498367872814,0.007632139675264794,6,312
Round,0.013965506120952383,0.02661294166587769,4,312
Individual,0.02341136881775204,0.060234340074709736,8,312
