,upset,upset,upset,hostile,hostile,hostile,alert,alert,alert,ashamed,ashamed,ashamed,inspired,inspired,inspired,nervous,nervous,nervous,determined,determined,determined,attentive,attentive,attentive,afraid,afraid,afraid,active,active,active,frustrated,frustrated,frustrated,difficulty,difficulty,difficulty
,mean,std,count,mean,std,count,mean,std,count,mean,std,count,mean,std,count,mean,std,count,mean,std,count,mean,std,count,mean,std,count,mean,std,count,mean,std,count,mean,std,count
Cluster,,,,,,,,,,,,,,,,,,,,,,,,,,,,,,,,,,,,
0,1.4155844155844155,0.6757189027572069,77,1.0389610389610389,0.19477101545677747,77,2.0779220779220777,0.8997987167641229,77,1.3766233766233766,0.7261825390166436,77,2.1818181818181817,1.0478960465627847,77,1.5194805194805194,0.6409366010684677,77,2.8051948051948052,1.1125948929247036,77,2.675324675324675,1.0568269096134506,77,1.025974025974026,0.2279211529192759,77,2.5454545454545454,1.209017157875883,77,2.051948051948052,2.1144621307862317,77,3.5434782608695654,3.1531749201867454,46
1,1.323404255319149,0.5970771993914159,235,1.0638297872340425,0.2926635213274222,235,2.2297872340425533,1.077333462969857,235,1.1702127659574468,0.46772539866280793,235,2.184549356223176,1.0235679181733905,233,1.3361702127659574,0.5486679798387926,235,2.948497854077253,1.101296207784199,233,2.8205128205128207,1.1317909740088075,234,1.0598290598290598,0.28677871388909737,234,2.5555555555555554,1.16416039810786,234,2.0127659574468084,1.9469038559921696,235,3.0977443609022557,3.0172852077758017,133
