{
  "model": "LSTMAutoencoder",
  "processed_file": "data/processed/autoencoder/autoencoder_windows_cohort_norm.npz",
  "output_dir": "advanced/outputs/lstm_ae_16_cohort_norm",
  "latent_dim": 16,
  "hidden_dim": 64,
  "num_layers": 1,
  "dropout": 0.0,
  "epochs": 30,
  "batch_size": 64,
  "learning_rate": 0.001,
  "k_min": 2,
  "k_max": 8,
  "best_k": 2,
  "best_silhouette": 0.2999335527420044,
  "final_training_loss": 0.043410296425407315,
  "note": "K-Means was fitted on phase-level LSTM autoencoder latents.",
  "evaluation": {
    "Phase_ari": 0.003935381980606604,
    "Phase_nmi": 0.007518199991257964,
    "Puzzler_ari": 0.036722509166515274,
    "Puzzler_nmi": 0.03357130770958706,
    "Cohort_ari": 0.007217230173084824,
    "Cohort_nmi": 0.006383689462572382,
    "Round_ari": 0.0059795860358278965,
    "Round_nmi": 0.011974010894744869,
    "Individual_ari": 0.030240142606162243,
    "Individual_nmi": 0.07647811945590498
  }
}