variable,test,chi2,dof,p_value,cramers_v,n_unique_values,n_samples_used,interpretation
Cohort,chi_square,222.26936974225885,15,6.11829775090056e-39,0.48730614131740757,6,312,strong
Puzzler,chi_square,42.88958984455673,3,2.5974864009339452e-09,0.3707649310778583,2,312,strong
Individual,chi_square,107.44465649424258,21,1.3593711932003178e-13,0.33880864757756124,8,312,strong
Round,chi_square,21.722848370530485,9,0.009800095368531122,0.1523422834804469,4,312,moderate
Phase,chi_square,1.603162561440707,6,0.9523497694927805,0.05068698818769561,3,312,weak
