,upset,upset,upset,hostile,hostile,hostile,alert,alert,alert,ashamed,ashamed,ashamed,inspired,inspired,inspired,nervous,nervous,nervous,determined,determined,determined,attentive,attentive,attentive,afraid,afraid,afraid,active,active,active,frustrated,frustrated,frustrated,difficulty,difficulty,difficulty
,mean,std,count,mean,std,count,mean,std,count,mean,std,count,mean,std,count,mean,std,count,mean,std,count,mean,std,count,mean,std,count,mean,std,count,mean,std,count,mean,std,count
Cluster,,,,,,,,,,,,,,,,,,,,,,,,,,,,,,,,,,,,
0,1.3076923076923077,0.5758391610143666,104,1.0576923076923077,0.2725971128968012,104,2.0,1.0520437806977683,104,1.1826923076923077,0.4779491600075309,104,2.0288461538461537,0.9497749428790936,104,1.2788461538461537,0.4918112111000564,104,2.823529411764706,1.0569127909346325,102,2.6116504854368934,1.130963581084713,103,1.0485436893203883,0.2573865932146577,103,2.3689320388349513,1.1630781612004797,103,1.6826923076923077,2.006128586209337,104,3.7962962962962963,3.122526973943523,54
1,1.3708609271523178,0.659453248681412,151,1.0529801324503312,0.25266788399527346,151,2.2781456953642385,1.020842399833595,151,1.2450331125827814,0.5652950547247402,151,2.2818791946308723,1.0206022130092345,149,1.4437086092715232,0.6286043969451054,151,2.966887417218543,1.0671908204443188,151,2.8940397350993377,1.0717730971357367,151,1.0662251655629138,0.3197681279132414,151,2.6357615894039736,1.1746400510148305,151,2.2582781456953644,1.9372268019308443,151,3.098901098901099,3.0333514470336267,91
2,1.4,0.7539370349250519,20,1.1,0.30779350562554625,20,1.65,0.7451598203705947,20,1.3,0.7326950970650463,20,1.75,0.9665456669582609,20,1.6,0.5982430416161189,20,2.3,1.3018205875255096,20,2.15,1.3088765773505318,20,1.0,0.0,20,1.95,1.234376040972246,20,1.65,1.9540780569443943,20,5.2,2.4899799195977463,5
3,1.3243243243243243,0.47457899787624946,37,1.054054054054054,0.3287979746107145,37,2.675675675675676,0.9733691218892488,37,1.1891891891891893,0.5694947974514993,37,2.4594594594594597,1.1924436766245698,37,1.2972972972972974,0.5198752449100363,37,3.27027027027027,1.146217175675628,37,3.1621621621621623,0.9283651554543945,37,1.027027027027027,0.16439898730535732,37,3.054054054054054,0.9412151113777795,37,2.2162162162162162,2.0566306741196216,37,2.1379310344827585,2.761005742362664,29
