variable,ari,nmi,chi_square,chi_square_dof,chi_square_p_value,cramers_v,n_unique_values,n_samples_used
Cohort,0.23360654269794476,0.3545955460757615,213.41408682908963,5,3.823523974411309e-44,0.8270547195123156,6,312
Puzzler,0.0012275629218753727,0.0034367791820637803,1.157354826891372,1,0.28201480229805026,0.060905423395710895,2,312
Round,-0.002641935912106416,0.0017049656389906804,1.0859131709104233,3,0.780475742519103,0.05899568571010259,4,312
Phase,-0.0030421047610401323,0.000687629544544024,0.3714966111009342,2,0.830482596538546,0.03450643804204004,3,312
