variable,test,chi2,dof,p_value,cramers_v,n_unique_values,n_samples_used,interpretation
Individual,chi_square,129.59195933643946,14,8.182639301188834e-21,0.4557185776480094,8,312,strong
Puzzler,chi_square,10.343578701507244,2,0.005674406226651771,0.1820782684401525,2,312,moderate
Round,chi_square,16.3750130773816,6,0.011876575155780798,0.16199385215751086,4,312,moderate
Cohort,chi_square,5.591474966444858,10,0.8483392884745338,0.09466095848664512,6,312,weak
Phase,chi_square,3.568066858873764,4,0.46760438145471606,0.07561782768355456,3,312,weak
