variable,test,chi2,dof,p_value,cramers_v,n_unique_values,n_samples_used,interpretation
Cohort,chi_square,3.593466758684151,5,0.6092944955280304,0.10731971702557364,6,312,moderate
Puzzler,chi_square,2.067080745341615,1,0.150509375300134,0.08139569275564797,2,312,weak
Round,chi_square,1.306280193236715,3,0.727642325133129,0.06470545178841824,4,312,weak
Phase,chi_square,1.1196687370600413,2,0.5713036818813713,0.059905607830581395,3,312,weak
