variable,ari,nmi,n_unique_values,n_samples_used
Phase,-0.0016401266565016718,0.0020548761106298653,3,312
Puzzler,0.0040844012418042655,0.0058493098184598975,2,312
Cohort,-0.0016375392796608105,0.005048337982875759,6,312
Round,-0.002323827327992762,0.0020763559094596107,4,312
