,participant_ID,participant_ID,participant_ID,upset,upset,upset,hostile,hostile,hostile,alert,alert,alert,ashamed,ashamed,ashamed,inspired,inspired,inspired,nervous,nervous,nervous,determined,determined,determined,attentive,attentive,attentive,afraid,afraid,afraid,active,active,active,frustrated,frustrated,frustrated,difficulty,difficulty,difficulty
,mean,std,count,mean,std,count,mean,std,count,mean,std,count,mean,std,count,mean,std,count,mean,std,count,mean,std,count,mean,std,count,mean,std,count,mean,std,count,mean,std,count,mean,std,count
Cluster,,,,,,,,,,,,,,,,,,,,,,,,,,,,,,,,,,,,,,,
0,11.647342995169081,8.849676654355095,207,1.3719806763285025,0.6474651391549197,207,1.0628019323671498,0.28028742944171425,207,2.135265700483092,1.0617181541111973,207,1.2028985507246377,0.518952739629307,207,2.1609756097560977,1.088459526835547,205,1.289855072463768,0.4956543955872093,207,2.84390243902439,1.1267793728769977,205,2.679611650485437,1.0748893736204395,206,1.0339805825242718,0.2683475715062791,206,2.5436893203883497,1.2670434110346676,206,1.9371980676328502,2.0904122031373085,207,3.2916666666666665,3.077147629707423,120
1,11.666666666666666,8.358168122200842,105,1.2952380952380953,0.5533779054381428,105,1.0476190476190477,0.25498689185586587,105,2.3047619047619046,0.9817939773289577,105,1.2571428571428571,0.6049248432111762,105,2.2285714285714286,0.9014640107277507,105,1.561904761904762,0.6782870042049016,105,3.0476190476190474,1.0504664932685164,105,2.9904761904761905,1.164335714335713,105,1.0857142857142856,0.2812843385630973,105,2.5714285714285716,0.969309258988296,105,2.1904761904761907,1.7601094704549907,105,3.0508474576271185,3.013897286843064,59
