Decomposition,Model,Optimal_K,Phase_ARI,Phase_NMI
HR_data_spca,K-Means,2,0.19385641157861958,0.17906694452281585
HR_data_umap,K-Means,2,0.13700872819394078,0.12610698489803596
HR_data_umap,K-Medoids,3,0.10689400420911559,0.10816769445730397
HR_data_spca,GMM,2,0.07914324220990503,0.07229003196411213
HR_data_umap,GMM,4,0.05783342055781211,0.07247523463479662
HR_data_spca,K-Medoids,4,0.05703462708979925,0.08912771314293838
HR_data_pca,GMM,2,0.009991815697812548,0.012923558046925278
HR_data_pca,K-Means,2,3.725650834332338e-05,0.0037501187840756917
HR_data_pca,K-Medoids,2,-0.0028690866471466586,0.0010292929525767237
