{
  "model": "LSTMAutoencoder",
  "processed_file": "data/processed/autoencoder/autoencoder_windows_individual_norm.npz",
  "output_dir": "advanced/outputs/lstm_ae_32_individual_norm",
  "latent_dim": 32,
  "hidden_dim": 64,
  "num_layers": 1,
  "dropout": 0.0,
  "epochs": 30,
  "batch_size": 64,
  "learning_rate": 0.001,
  "k_min": 2,
  "k_max": 8,
  "best_k": 4,
  "best_silhouette": 0.3601115942001343,
  "final_training_loss": 0.04169270971123083,
  "note": "K-Means was fitted on phase-level LSTM autoencoder latents.",
  "evaluation": {
    "Phase_ari": -0.001666242476732114,
    "Phase_nmi": 0.004905335111449296,
    "Puzzler_ari": 0.02920898805065135,
    "Puzzler_nmi": 0.02702974969157047,
    "Cohort_ari": 0.1608625029965341,
    "Cohort_nmi": 0.2545533410223458,
    "Round_ari": 0.008796820108525342,
    "Round_nmi": 0.042365625437000204,
    "Individual_ari": -3.0966806283616825e-05,
    "Individual_nmi": 0.01799013564336864
  }
}