variable,ari,nmi,n_unique_values,n_samples_used
Phase,-0.0030421047610401323,0.000687629544544024,3,312
Puzzler,0.0012275629218753727,0.0034367791820637803,2,312
Cohort,0.23360654269794476,0.3545955460757615,6,312
Round,-0.002641935912106416,0.0017049656389906804,4,312
Individual,0.003866946335906136,0.022340492174905646,8,312
