variable,test,chi2,dof,p_value,cramers_v,n_unique_values,n_samples_used,interpretation
Individual,chi_square,99.1487392778277,14,6.903310698451148e-15,0.39861285777196664,8,312,strong
Puzzler,chi_square,12.006524851026999,2,0.0024706786091906823,0.19616944574933007,2,312,moderate
Round,chi_square,12.040214387962317,6,0.06107766038891574,0.13890721855009633,4,312,moderate
Cohort,chi_square,12.039474377753363,10,0.28242331635785894,0.13890294975819564,6,312,moderate
Phase,chi_square,2.3405572755417956,4,0.6733950830506112,0.06124453501969395,3,312,weak
