variable,test,chi2,dof,p_value,cramers_v,n_unique_values,n_samples_used,interpretation
Cohort,chi_square,217.55555555555554,5,4.96089784200208e-45,0.8350409853973919,6,312,very strong
Individual,chi_square,24.48148148148148,7,0.0009372374596486038,0.28011834427545107,8,312,moderate
Round,chi_square,2.2564102564102564,3,0.5209229369828592,0.0850416612911641,4,312,weak
Phase,chi_square,0.717948717948718,2,0.6983922586158029,0.047969966497101814,3,312,very weak
Puzzler,chi_square,0.017094017094017096,1,0.8959777528329079,0.007401926528072126,2,312,very weak
