variable,ari,nmi,n_unique_values,n_samples_used
Phase,-0.001911712825210144,0.0013719804776642338,3,312
Puzzler,-0.002252642431158516,0.00017457254747673014,2,312
Cohort,0.19732246556296076,0.3263586103409479,6,312
Round,-0.0008073352986504352,0.0036516356202762634,4,312
Individual,0.009848386619806417,0.035181738195635456,8,312
