{
  "model": "AgglomerativeClustering",
  "input_representation_dir": "advanced/outputs/conv_ae_32_cohort_norm",
  "clustering_method": "AgglomerativeClustering",
  "linkage": "ward",
  "standardize_features": false,
  "n_clusters": 3,
  "best_k": 3,
  "silhouette": 0.31659257411956787,
  "selection_metric": "fixed_n_clusters",
  "n_samples": 312,
  "n_features": 32,
  "note": "Agglomerative clustering was fitted on an existing phase-level representation using a fixed number of clusters. Silhouette is saved only as a geometric diagnostic, not as the model-selection criterion.",
  "evaluation": {
    "Phase_ari": -0.003240032638875912,
    "Phase_nmi": 0.0013325536852579944,
    "Puzzler_ari": -0.004307745326096321,
    "Puzzler_nmi": 0.000682130658865535,
    "parent_ari": 0.012364746181543242,
    "parent_nmi": 0.03858109722275363,
    "Cohort_ari": -0.011675679744076394,
    "Cohort_nmi": 0.016023062457941658,
    "Round_ari": 0.010862042073981098,
    "Round_nmi": 0.02569906589858148,
    "Individual_ari": 0.037486986445762975,
    "Individual_nmi": 0.11204382931583638
  }
}