{
  "model": "Conv1DAutoencoder",
  "signals": [
    "HR",
    "EDA",
    "TEMP"
  ],
  "latent_dim": 32,
  "window_size": 60,
  "step_size": 30,
  "epochs": 30,
  "batch_size": 64,
  "learning_rate": 0.001,
  "k_min": 2,
  "k_max": 8,
  "best_k": 2,
  "best_silhouette": 0.3942131996154785,
  "final_training_loss": 0.003977239226784419,
  "embedding_method": "none",
  "processed_file": "/Users/alessandra/Desktop/DTU/second_semester/CDA/cda-case-2/data/processed/autoencoder/autoencoder_windows_individual_norm.npz",
  "output_dir": "/Users/alessandra/Desktop/DTU/second_semester/CDA/cda-case-2/advanced/outputs/conv_ae_32_individual_norm",
  "note": "K-Means was fitted on phase-level latent vectors, not on PCA/t-SNE.",
  "evaluation": {
    "Phase_ari": -0.0037911819675085726,
    "Phase_nmi": 0.00014942077109101305,
    "Puzzler_ari": 0.010058733357446736,
    "Puzzler_nmi": 0.01104569647712766,
    "parent_ari": 0.006639004149377593,
    "parent_nmi": 0.013904961003752832,
    "Cohort_ari": 0.2548584612654184,
    "Cohort_nmi": 0.40309742799703036,
    "Round_ari": -0.003383440214372054,
    "Round_nmi": 0.0010931900697911932,
    "Individual_ari": 0.0012299770182465713,
    "Individual_nmi": 0.009469710061633715
  }
}