variable,test,chi2,dof,p_value,cramers_v,n_unique_values,n_samples_used,interpretation
Cohort,chi_square,225.38749999999996,5,1.0416156098241925e-46,0.8499387232814688,6,312,very strong
Individual,chi_square,6.919791666666666,7,0.43727869682267195,0.14892555000551264,8,312,moderate
Puzzler,chi_square,3.9135416666666663,1,0.04789855554809641,0.11199733379763009,2,312,moderate
Round,chi_square,0.975,3,0.8073009059649169,0.05590169943749474,4,312,weak
Phase,chi_square,0.08125,2,0.9601891333679519,0.01613743060919757,3,312,very weak
