,upset,upset,upset,hostile,hostile,hostile,alert,alert,alert,ashamed,ashamed,ashamed,inspired,inspired,inspired,nervous,nervous,nervous,determined,determined,determined,attentive,attentive,attentive,afraid,afraid,afraid,active,active,active,frustrated,frustrated,frustrated,difficulty,difficulty,difficulty
,mean,std,count,mean,std,count,mean,std,count,mean,std,count,mean,std,count,mean,std,count,mean,std,count,mean,std,count,mean,std,count,mean,std,count,mean,std,count,mean,std,count
Cluster,,,,,,,,,,,,,,,,,,,,,,,,,,,,,,,,,,,,
0,1.3697916666666667,0.6171408134251966,192,1.0416666666666667,0.22496848722505136,192,2.3177083333333335,1.0223158999555466,192,1.234375,0.5625908885268256,192,2.3,1.0538415490869633,190,1.328125,0.5430576849789162,192,3.0,1.085793428061274,191,2.90625,1.0240881527010346,192,1.0520833333333333,0.28468009662971344,192,2.703125,1.1396658943678808,192,2.2760416666666665,1.9820791237246456,192,2.8389830508474576,3.0240357338114228,118
1,1.3083333333333333,0.6189695059530154,120,1.0833333333333333,0.3326323160835117,120,1.9916666666666667,1.0330328468858572,120,1.2,0.5281965511423332,120,2.0,0.9614414947874672,120,1.4666666666666666,0.6208334508299853,120,2.773109243697479,1.1232291130962773,119,2.588235294117647,1.2241341783237567,119,1.050420168067227,0.25540726851470186,119,2.310924369747899,1.1914092151567421,119,1.6166666666666667,1.9324010115573285,120,3.9344262295081966,2.9937092514082284,61
