{
  "model": "QuestionnaireKMeans",
  "input_dir": "advanced/outputs/conv_ae_32_cohort_norm",
  "questionnaire_columns": [
    "upset",
    "hostile",
    "alert",
    "ashamed",
    "inspired",
    "nervous",
    "determined",
    "attentive",
    "afraid",
    "active",
    "frustrated",
    "difficulty"
  ],
  "n_clusters": 2,
  "selection": "fixed_k",
  "silhouette": 0.22169700954523,
  "note": "Clusters were fitted using questionnaire variables only with fixed k=2.",
  "evaluation": {
    "Phase_ari": 0.08590674623135393,
    "Phase_nmi": 0.07754081167350206,
    "Puzzler_ari": -0.002184447713162928,
    "Puzzler_nmi": 0.000744527699924266,
    "Cohort_ari": 0.029051083967160992,
    "Cohort_nmi": 0.041374506706524386,
    "Round_ari": 0.003813533431176736,
    "Round_nmi": 0.008335903095962239,
    "Individual_ari": 0.008615175951085689,
    "Individual_nmi": 0.02643996158959685
  }
}