{
  "model": "Conv1DAutoencoder",
  "signals": [
    "HR",
    "EDA",
    "TEMP"
  ],
  "latent_dim": 32,
  "window_size": 60,
  "step_size": 30,
  "epochs": 30,
  "batch_size": 64,
  "learning_rate": 0.001,
  "k_min": 2,
  "k_max": 8,
  "best_k": 2,
  "best_silhouette": 0.34489211440086365,
  "final_training_loss": 0.006560157789032401,
  "embedding_method": "none",
  "processed_file": "/Users/alessandra/Desktop/DTU/second_semester/CDA/cda-case-2/data/processed/autoencoder/autoencoder_windows.npz",
  "output_dir": "/Users/alessandra/Desktop/DTU/second_semester/CDA/cda-case-2/advanced/outputs/conv_ae_32",
  "note": "K-Means was fitted on phase-level latent vectors, not on PCA/t-SNE.",
  "evaluation": {
    "Phase_ari": -0.0020825784172206017,
    "Phase_nmi": 0.0012933096446229786,
    "Puzzler_ari": -0.0008647402176262881,
    "Puzzler_nmi": 0.002781616629413797,
    "parent_ari": -0.0047085655428645,
    "parent_nmi": 0.0024273096918786376,
    "Cohort_ari": 0.21980190894392884,
    "Cohort_nmi": 0.3506736424372647,
    "Round_ari": -0.0018025660565452655,
    "Round_nmi": 0.0022841192409474792,
    "Individual_ari": 0.004812454856864975,
    "Individual_nmi": 0.031013172211472383
  }
}