variable,ari,nmi,n_unique_values,n_samples_used
Phase,-0.00106359903512711,0.005633520206464595,3,312
Cohort,-0.00399140114018914,0.007067277408453423,6,312
Round,0.011933394799435419,0.021539154130533745,4,312
Individual,0.05822216043460929,0.13428964628154336,8,312
