,upset,upset,upset,hostile,hostile,hostile,alert,alert,alert,ashamed,ashamed,ashamed,inspired,inspired,inspired,nervous,nervous,nervous,determined,determined,determined,attentive,attentive,attentive,afraid,afraid,afraid,active,active,active,frustrated,frustrated,frustrated,Puzzler,Puzzler,Puzzler,difficulty,difficulty,difficulty,parent,parent,parent
,mean,std,count,mean,std,count,mean,std,count,mean,std,count,mean,std,count,mean,std,count,mean,std,count,mean,std,count,mean,std,count,mean,std,count,mean,std,count,mean,std,count,mean,std,count,mean,std,count
Cluster,,,,,,,,,,,,,,,,,,,,,,,,,,,,,,,,,,,,,,,,,,
0,1.3085106382978724,0.5684651235210505,94,1.074468085106383,0.33567014345491986,94,2.297872340425532,0.9818764921788217,94,1.2553191489361701,0.6210668970385697,94,2.223404255319149,0.8570298211791112,94,1.5851063829787233,0.6942091418635965,94,3.021276595744681,1.087353731646662,94,2.9893617021276597,1.177702162642935,94,1.0957446808510638,0.2958184904168056,94,2.5,0.9588299321097966,94,2.202127659574468,1.7449144985310059,94,0.48484848484848486,0.5036000929438491,66,3.0,3.0199337741083,51,0.32142857142857145,0.47559486560567094,28
1,1.4339622641509433,0.6653349059009003,53,1.0377358490566038,0.19238024756109734,53,2.0943396226415096,0.9043516790283486,53,1.4150943396226414,0.7450854949433898,53,2.1320754716981134,1.074847678815944,53,1.490566037735849,0.5758819827492021,53,2.5849056603773586,0.9890547597842898,53,2.4716981132075473,1.0303803178532907,53,1.0377358490566038,0.27472112789737807,53,2.3773584905660377,1.2125373125795667,53,2.1320754716981134,2.2535248957428773,53,0.6153846153846154,0.4928640580901442,39,3.8275862068965516,3.252130790697532,29,0.9285714285714286,0.2672612419124244,14
2,1.3393939393939394,0.6295272102932725,165,1.0545454545454545,0.25313992695030946,165,2.1636363636363636,1.105920370986223,165,1.1393939393939394,0.3965855749466034,165,2.1779141104294477,1.1050961937839239,163,1.2303030303030302,0.45026066196179465,165,2.957055214723926,1.1350188623631634,163,2.768292682926829,1.0830402616198944,164,1.0304878048780488,0.25797180822348925,164,2.6402439024390243,1.2672718154591263,164,1.8848484848484848,2.0254661029551326,165,0.46846846846846846,0.5012678438414448,111,3.1414141414141414,3.0136089321815644,99,0.48148148148148145,0.5043486642416058,54
