variable,ari,nmi,n_unique_values,n_samples_used
Phase,-0.003240032638875912,0.0013325536852579944,3,312
Puzzler,-0.004307745326096321,0.000682130658865535,2,216
parent,0.012364746181543242,0.03858109722275363,2,96
Cohort,-0.011675679744076394,0.016023062457941658,6,312
Round,0.010862042073981098,0.02569906589858148,4,312
Individual,0.037486986445762975,0.11204382931583638,8,312
