,upset,upset,upset,hostile,hostile,hostile,alert,alert,alert,ashamed,ashamed,ashamed,inspired,inspired,inspired,nervous,nervous,nervous,determined,determined,determined,attentive,attentive,attentive,afraid,afraid,afraid,active,active,active,frustrated,frustrated,frustrated,difficulty,difficulty,difficulty
,mean,std,count,mean,std,count,mean,std,count,mean,std,count,mean,std,count,mean,std,count,mean,std,count,mean,std,count,mean,std,count,mean,std,count,mean,std,count,mean,std,count
Cluster,,,,,,,,,,,,,,,,,,,,,,,,,,,,,,,,,,,,
0,1.3560975609756099,0.6378766786000764,205,1.078048780487805,0.3189383393000382,205,2.151219512195122,1.0943531420969228,205,1.1560975609756097,0.43726465966512934,205,2.1625615763546797,1.1027316845993338,203,1.2829268292682927,0.493041003258663,205,2.9458128078817736,1.1397497138978347,203,2.7107843137254903,1.091697901404078,204,1.0392156862745099,0.2779789348595234,204,2.622549019607843,1.267121703459595,204,1.9707317073170731,2.109530649224876,205,3.1557377049180326,3.047883676559739,122
1,1.2597402597402598,0.5477849511440886,77,1.025974025974026,0.16010078848765155,77,2.3376623376623376,0.9543582799919536,77,1.2727272727272727,0.5990422978731537,77,2.25974025974026,0.8491884268399322,77,1.6233766233766234,0.7078313997690232,77,3.012987012987013,1.0698438953209173,77,3.038961038961039,1.1858991530031728,77,1.103896103896104,0.30712656333452054,77,2.4675324675324677,0.9260046547628772,77,2.1818181818181817,1.5871794970893685,77,3.13953488372093,3.0905493066138416,43
2,1.5,0.6297235299224025,30,1.0,0.0,30,2.1,0.8030115728972382,30,1.5333333333333334,0.8995528902176073,30,2.1333333333333333,0.9371024061116425,30,1.4333333333333333,0.5683207771559354,30,2.433333333333333,0.8172001541568767,30,2.6333333333333333,0.99942512211403,30,1.0,0.0,30,2.3,1.0553639672872464,30,1.9666666666666666,2.0758601596203077,30,3.9285714285714284,3.0750681221794025,14
