variable,ari,nmi,n_unique_values,n_samples_used
Phase,-0.003520655383540628,0.00021129086339817497,3,312
Puzzler,-0.0002560072932926619,0.002198653785209461,2,312
Cohort,0.24326042208695886,0.3693864187097301,6,312
Round,-0.0032698625981324734,0.0009898159596084947,4,312
