,participant_ID,participant_ID,participant_ID,upset,upset,upset,hostile,hostile,hostile,alert,alert,alert,ashamed,ashamed,ashamed,inspired,inspired,inspired,nervous,nervous,nervous,determined,determined,determined,attentive,attentive,attentive,afraid,afraid,afraid,active,active,active,frustrated,frustrated,frustrated,difficulty,difficulty,difficulty
,mean,std,count,mean,std,count,mean,std,count,mean,std,count,mean,std,count,mean,std,count,mean,std,count,mean,std,count,mean,std,count,mean,std,count,mean,std,count,mean,std,count,mean,std,count
Cluster,,,,,,,,,,,,,,,,,,,,,,,,,,,,,,,,,,,,,,,
0,8.084905660377359,8.507831601674063,106,1.3018867924528301,0.6042675427759386,106,1.0943396226415094,0.3526309790240717,106,1.971698113207547,1.0370061961500274,106,1.179245283018868,0.5126433794572478,106,1.9622641509433962,0.984881218865521,106,1.3679245283018868,0.5576390998471563,106,2.704761904761905,1.1429029294857487,105,2.466666666666667,1.2252681548469508,105,1.0380952380952382,0.19234431885641176,105,2.2666666666666666,1.226836666035135,105,1.5754716981132075,1.9021196858219447,106,4.020408163265306,2.8974830738531168,49
1,13.490291262135923,8.190857658575517,206,1.3689320388349515,0.6245434041373207,206,1.0388349514563107,0.2174050999957084,206,2.3058252427184467,1.021077885060536,206,1.2427184466019416,0.5668228857020718,206,2.299019607843137,1.033335514403683,204,1.3883495145631068,0.5882261006928786,206,3.0195121951219512,1.070829693026953,205,2.9466019417475726,1.0179190186756395,206,1.058252427184466,0.3068404755456888,206,2.6990291262135924,1.120408910164853,206,2.2524271844660193,1.9937387190998441,206,2.9076923076923076,3.06125108397942,130
