variable,ari,nmi,n_unique_values,n_samples_used
Phase,-0.004022594913871809,0.0029792531475503568,3,312
Puzzler,0.018984777356910124,0.05668093272163057,2,216
parent,0.12204343620856414,0.1851124242130817,2,96
Cohort,0.15506317864522542,0.27958306866095495,6,312
Round,0.006124384617420172,0.03353778240361294,4,312
Individual,0.04264006561226038,0.12461355886208299,8,312
