variable,ari,nmi,n_unique_values,n_samples_used
Phase,-0.0037911819675085726,0.00014942077109101305,3,312
Cohort,0.2548584612654184,0.40309742799703036,6,312
Round,-0.003383440214372054,0.0010931900697911932,4,312
Individual,0.0012299770182465713,0.009469710061633715,8,312
