,upset,upset,upset,hostile,hostile,hostile,alert,alert,alert,ashamed,ashamed,ashamed,inspired,inspired,inspired,nervous,nervous,nervous,determined,determined,determined,attentive,attentive,attentive,afraid,afraid,afraid,active,active,active,frustrated,frustrated,frustrated,Puzzler,Puzzler,Puzzler,difficulty,difficulty,difficulty,parent,parent,parent
,mean,std,count,mean,std,count,mean,std,count,mean,std,count,mean,std,count,mean,std,count,mean,std,count,mean,std,count,mean,std,count,mean,std,count,mean,std,count,mean,std,count,mean,std,count,mean,std,count
Cluster,,,,,,,,,,,,,,,,,,,,,,,,,,,,,,,,,,,,,,,,,,
0,1.3162393162393162,0.6249078918276628,117,1.0854700854700854,0.33663265491634514,117,2.0085470085470085,1.0380330080437654,117,1.1965811965811965,0.5291391225591752,117,2.0085470085470085,0.9603853976374715,117,1.4615384615384615,0.6233732144199277,117,2.7844827586206895,1.1329533125401956,116,2.5689655172413794,1.2030695374100693,116,1.0344827586206897,0.1832572192187857,116,2.310344827586207,1.1899126245119904,116,1.5982905982905984,1.9076065029237694,117,0.5747126436781609,0.4972525423613136,87,3.9491525423728815,2.973583283732801,59,0.6,0.4982728791224398,30
1,1.3641025641025641,0.6140482449761904,195,1.041025641025641,0.22328146528812165,195,2.3025641025641024,1.023307549049573,195,1.235897435897436,0.5614263772350272,195,2.290155440414508,1.0551246355505914,193,1.3333333333333333,0.5436291438546225,195,2.9896907216494846,1.0820709884561848,194,2.9128205128205127,1.0392253972941476,195,1.0615384615384615,0.3150972559854809,195,2.6974358974358976,1.1423179499179428,195,2.276923076923077,1.9936059566893314,195,0.4496124031007752,0.49939401262426164,129,2.85,3.0338427251049573,120,0.45454545454545453,0.5017452060042545,66
