variable,ari,nmi,n_unique_values,n_samples_used
Phase,0.0016140794569282416,0.008773025813048086,3,312
Puzzler,0.017007932179474133,0.0256994845269261,2,312
Cohort,-0.0013107007262181832,0.00932147840668592,6,312
Round,0.004064405046294247,0.012288417476516081,4,312
Individual,0.05679636095153036,0.129344219446328,8,312
