variable,test,chi2,dof,p_value,cramers_v,n_unique_values,n_samples_used,interpretation
Cohort,chi_square,235.6,5,6.7407776269042446e-49,0.8689811304787953,6,312,very strong
Individual,chi_square,7.466666666666667,7,0.3819576021533964,0.1546984936307524,8,312,moderate
Puzzler,chi_square,4.430769230769231,1,0.035296596841408005,0.1191687183448436,2,312,moderate
Round,chi_square,0.6974358974358974,3,0.873806885622172,0.04727971516560455,4,312,very weak
Phase,chi_square,0.08205128205128205,2,0.9598045192599899,0.016216808513683997,3,312,very weak
