component,explained_variance_ratio,cumulative_explained_variance_ratio
1,0.40217093,0.40217093
2,0.33571294,0.73788387
3,0.22795126,0.9658351
