variable,test,chi2,dof,p_value,cramers_v,n_unique_values,n_samples_used,interpretation
Cohort,chi_square,259.4371582229855,5,5.1858049332153173e-54,0.9118823132832437,6,312,very strong
Individual,chi_square,8.323948117684278,7,0.304896942943045,0.16333805707799304,8,312,moderate
Puzzler,chi_square,2.030460523342523,1,0.15417388438685814,0.08067147136853582,2,312,weak
Phase,chi_square,0.19740588421385635,2,0.9060118060109209,0.025153750562333717,3,312,very weak
Round,chi_square,0.15510462331088715,3,0.9844890872684119,0.022296416817944316,4,312,very weak
