variable,ari,nmi,n_unique_values,n_samples_used
Phase,-0.0034243079261271217,0.0003617940885356151,3,312
Puzzler,0.004032667896308808,0.005709166889934576,2,312
Cohort,0.28538406911816233,0.43104400510459473,6,312
Round,-0.003995529778944904,0.0002451024565729752,4,312
Individual,0.0021281135653948955,0.010406696481251528,8,312
