variable,ari,nmi,n_unique_values,n_samples_used
Phase,-0.0051002166692768755,0.00223291911843759,3,312
Puzzler,0.019542400703455823,0.06399055626604937,2,216
parent,0.1115085774048896,0.19008829875512304,2,96
Cohort,0.17792926911417986,0.28491383621903305,6,312
Round,0.004604994790447464,0.032259694174733,4,312
Individual,0.035962985909967125,0.11914706334959228,8,312
