{
  "model": "LSTMAutoencoder",
  "processed_file": "data/processed/autoencoder/autoencoder_windows_cohort_norm.npz",
  "output_dir": "advanced/outputs/lstm_ae_8_cohort_norm",
  "latent_dim": 8,
  "hidden_dim": 64,
  "num_layers": 1,
  "dropout": 0.0,
  "epochs": 30,
  "batch_size": 64,
  "learning_rate": 0.001,
  "k_min": 2,
  "k_max": 8,
  "best_k": 2,
  "best_silhouette": 0.3375079929828644,
  "final_training_loss": 0.04053139999324893,
  "note": "K-Means was fitted on phase-level LSTM autoencoder latents.",
  "evaluation": {
    "Phase_ari": 0.004383463723434378,
    "Phase_nmi": 0.009206219545652167,
    "Puzzler_ari": 0.03453915995879907,
    "Puzzler_nmi": 0.03747084504840758,
    "Cohort_ari": 0.011553546293624149,
    "Cohort_nmi": 0.005609308886635456,
    "Round_ari": 0.01027093607864,
    "Round_nmi": 0.01947739346824519,
    "Individual_ari": 0.024762466656654724,
    "Individual_nmi": 0.0668578277629381
  }
}