variable,ari,nmi,n_unique_values,n_samples_used
Phase,-0.003151785478120567,0.0003897040234287181,3,312
Puzzler,-0.0027219100643499075,3.6521009137485525e-05,2,312
Cohort,0.2676109523838085,0.41441724998431134,6,312
Round,-0.0018127107365975578,0.0025515909115390065,4,312
