,participant_ID,participant_ID,participant_ID,upset,upset,upset,hostile,hostile,hostile,alert,alert,alert,ashamed,ashamed,ashamed,inspired,inspired,inspired,nervous,nervous,nervous,determined,determined,determined,attentive,attentive,attentive,afraid,afraid,afraid,active,active,active,frustrated,frustrated,frustrated,difficulty,difficulty,difficulty
,mean,std,count,mean,std,count,mean,std,count,mean,std,count,mean,std,count,mean,std,count,mean,std,count,mean,std,count,mean,std,count,mean,std,count,mean,std,count,mean,std,count,mean,std,count
Cluster,,,,,,,,,,,,,,,,,,,,,,,,,,,,,,,,,,,,,,,
0,13.35813953488372,8.170331344535823,215,1.3674418604651162,0.6264127697074808,215,1.0372093023255815,0.21292714718072075,215,2.269767441860465,1.0239046766108069,215,1.241860465116279,0.5613037885636062,215,2.3098591549295775,1.0540785472832084,213,1.3813953488372093,0.5829572586380808,215,3.0233644859813085,1.0809558836487292,214,2.8930232558139535,1.0424170665228647,215,1.0558139534883721,0.30054648479730467,215,2.6930232558139533,1.1268588690122618,215,2.2232558139534886,1.9827335526478287,215,2.9407407407407407,3.0707161957222766,135
1,7.876288659793815,8.60263735233606,97,1.2989690721649485,0.5979992414572991,97,1.1030927835051547,0.36755203946953285,97,2.020618556701031,1.050588936455197,97,1.175257731958763,0.5206228096862793,97,1.907216494845361,0.9138115486202572,97,1.3814432989690721,0.5672172380922528,97,2.6666666666666665,1.1207766730607813,96,2.5416666666666665,1.2304613312572235,96,1.0416666666666667,0.20087527770480482,96,2.2395833333333335,1.2203950323922659,96,1.577319587628866,1.9302150762414603,97,4.045454545454546,2.86075730300965,44
