variable,ari,nmi,n_unique_values,n_samples_used
Phase,-0.00252115214913648,0.004915127968936153,3,312
Puzzler,0.0008935162271939617,0.007046753450465085,2,216
parent,0.22767089909344845,0.22968101328705848,2,96
Cohort,-0.005529636455801906,0.0187211876895095,6,312
Round,0.0063088142124480984,0.02218561016641304,4,312
Individual,0.05706091898993352,0.13302560145872208,8,312
