variable,ari,nmi,n_unique_values,n_samples_used
Phase,-0.00252115214913648,0.004915127968936153,3,312
Puzzler,0.006383446623208762,0.009300637319004903,2,312
Cohort,-0.005529636455801906,0.0187211876895095,6,312
Round,0.0063088142124480984,0.02218561016641304,4,312
Individual,0.05706091898993352,0.13302560145872208,8,312
