,upset,upset,upset,hostile,hostile,hostile,alert,alert,alert,ashamed,ashamed,ashamed,inspired,inspired,inspired,nervous,nervous,nervous,determined,determined,determined,attentive,attentive,attentive,afraid,afraid,afraid,active,active,active,frustrated,frustrated,frustrated,difficulty,difficulty,difficulty
,mean,std,count,mean,std,count,mean,std,count,mean,std,count,mean,std,count,mean,std,count,mean,std,count,mean,std,count,mean,std,count,mean,std,count,mean,std,count,mean,std,count
Cluster,,,,,,,,,,,,,,,,,,,,,,,,,,,,,,,,,,,,
0,1.385185185185185,0.6800481236832817,135,1.0962962962962963,0.3428169973074507,135,2.096296296296296,1.0849999936314327,135,1.1333333333333333,0.38245085529570716,135,2.1954887218045114,1.104115212865455,133,1.3111111111111111,0.4957531081885489,135,2.9029850746268657,1.1297042196237512,134,2.7111111111111112,1.0986196676417883,135,1.037037037037037,0.309245770188074,135,2.6074074074074076,1.3220082885027968,135,1.9481481481481482,2.227100780911384,135,3.1621621621621623,3.118776661409753,74
1,1.2597402597402598,0.5477849511440886,77,1.025974025974026,0.16010078848765155,77,2.3376623376623376,0.9543582799919536,77,1.2727272727272727,0.5990422978731537,77,2.25974025974026,0.8491884268399322,77,1.6233766233766234,0.7078313997690232,77,3.012987012987013,1.0698438953209173,77,3.038961038961039,1.1858991530031728,77,1.103896103896104,0.30712656333452054,77,2.4675324675324677,0.9260046547628772,77,2.1818181818181817,1.5871794970893685,77,3.13953488372093,3.0905493066138416,43
2,1.5,0.6297235299224025,30,1.0,0.0,30,2.1,0.8030115728972382,30,1.5333333333333334,0.8995528902176073,30,2.1333333333333333,0.9371024061116425,30,1.4333333333333333,0.5683207771559354,30,2.433333333333333,0.8172001541568767,30,2.6333333333333333,0.99942512211403,30,1.0,0.0,30,2.3,1.0553639672872464,30,1.9666666666666666,2.0758601596203077,30,3.9285714285714284,3.0750681221794025,14
3,1.3,0.547722557505166,70,1.042857142857143,0.26570738431341145,70,2.257142857142857,1.1123250787181513,70,1.2,0.5275043787166296,70,2.1,1.1053230887097143,70,1.2285714285714286,0.48667545866870404,70,3.028985507246377,1.1627934733010747,69,2.710144927536232,1.0860268829323854,69,1.0434782608695652,0.20542514084466043,69,2.652173913043478,1.1609591237233645,69,2.0142857142857142,1.8765745631595103,70,3.1458333333333335,2.967838839271183,48
