{
  "model": "QuestionnaireKMeans",
  "input_dir": "advanced/outputs/conv_ae_32_cohort_norm",
  "questionnaire_columns": [
    "upset",
    "hostile",
    "alert",
    "ashamed",
    "inspired",
    "nervous",
    "determined",
    "attentive",
    "afraid",
    "active",
    "frustrated",
    "difficulty"
  ],
  "k_min": 2,
  "k_max": 6,
  "best_k": 5,
  "best_silhouette": 0.24796447874280111,
  "note": "Clusters were fitted using questionnaire variables only. This is a sanity check to see whether self-reported emotions separate experimental phases.",
  "evaluation": {
    "Phase_ari": 0.08591291804812633,
    "Phase_nmi": 0.12426751924670867,
    "Puzzler_ari": 0.0009373594674036031,
    "Puzzler_nmi": 0.03077899863125004,
    "Cohort_ari": 0.044391408193560945,
    "Cohort_nmi": 0.09015512752697083,
    "Round_ari": 0.002189190039616577,
    "Round_nmi": 0.01942413203902718,
    "Individual_ari": 0.014339974097308382,
    "Individual_nmi": 0.07114485069724169
  }
}