k,silhouette,selected
2,0.22169700954523,False
3,0.22625448539238036,False
4,0.24390354256842747,False
5,0.24796447874280111,True
6,0.21008288290750401,False
