variable,ari,nmi,n_unique_values,n_samples_used
Phase,-0.002135422560839461,0.001080605049472865,3,312
Puzzler,-0.0027692129152568825,0.0008066296550841233,2,216
parent,0.02049233148601624,0.032511842024766424,2,96
Cohort,-0.004562649285560985,0.011522762911253655,6,312
Round,0.0009581959412013563,0.006778003333460408,4,312
Individual,0.015517180467103436,0.08520415277705556,8,312
