,upset,upset,upset,hostile,hostile,hostile,alert,alert,alert,ashamed,ashamed,ashamed,inspired,inspired,inspired,nervous,nervous,nervous,determined,determined,determined,attentive,attentive,attentive,afraid,afraid,afraid,active,active,active,frustrated,frustrated,frustrated,difficulty,difficulty,difficulty
,mean,std,count,mean,std,count,mean,std,count,mean,std,count,mean,std,count,mean,std,count,mean,std,count,mean,std,count,mean,std,count,mean,std,count,mean,std,count,mean,std,count
Cluster,,,,,,,,,,,,,,,,,,,,,,,,,,,,,,,,,,,,
0,1.374468085106383,0.6373248326820125,235,1.0680851063829788,0.29893427727120814,235,2.1446808510638298,1.0603193581645194,235,1.2042553191489362,0.5318719749915526,235,2.1587982832618025,1.0810365067667964,233,1.3021276595744682,0.5044627173598041,235,2.8798283261802573,1.1154000232115722,233,2.700854700854701,1.0785856043152884,234,1.0341880341880343,0.25979932604471173,234,2.5811965811965814,1.2446577083581598,234,1.9702127659574469,2.10086621264327,235,3.235294117647059,3.0483396673712146,136
1,1.2597402597402598,0.5477849511440886,77,1.025974025974026,0.16010078848765155,77,2.3376623376623376,0.9543582799919536,77,1.2727272727272727,0.5990422978731537,77,2.25974025974026,0.8491884268399322,77,1.6233766233766234,0.7078313997690232,77,3.012987012987013,1.0698438953209173,77,3.038961038961039,1.1858991530031728,77,1.103896103896104,0.30712656333452054,77,2.4675324675324677,0.9260046547628772,77,2.1818181818181817,1.5871794970893685,77,3.13953488372093,3.0905493066138416,43
