variable,test,chi2,dof,p_value,cramers_v,n_unique_values,n_samples_used,interpretation
Cohort,chi_square,212.26323400907046,15,6.770984811795823e-37,0.476211045032977,6,312,strong
Puzzler,chi_square,16.104148132332185,3,0.0010795708351771026,0.22719123970457267,2,312,moderate
Round,chi_square,36.31351197466282,9,3.4875883172851204e-05,0.19696823894328128,4,312,moderate
Individual,chi_square,16.096282655026116,21,0.7642171428524626,0.13113688717689886,8,312,moderate
Phase,chi_square,3.6366321483221236,6,0.7257115051042048,0.0763409204498584,3,312,weak
