variable,ari,nmi,n_unique_values,n_samples_used
Phase,-0.001666242476732114,0.004905335111449296,3,312
Puzzler,0.02920898805065135,0.02702974969157047,2,312
Cohort,0.1608625029965341,0.2545533410223458,6,312
Round,0.008796820108525342,0.042365625437000204,4,312
Individual,-3.0966806283616825e-05,0.01799013564336864,8,312
