,upset,upset,upset,hostile,hostile,hostile,alert,alert,alert,ashamed,ashamed,ashamed,inspired,inspired,inspired,nervous,nervous,nervous,determined,determined,determined,attentive,attentive,attentive,afraid,afraid,afraid,active,active,active,frustrated,frustrated,frustrated,difficulty,difficulty,difficulty
,mean,std,count,mean,std,count,mean,std,count,mean,std,count,mean,std,count,mean,std,count,mean,std,count,mean,std,count,mean,std,count,mean,std,count,mean,std,count,mean,std,count
Cluster,,,,,,,,,,,,,,,,,,,,,,,,,,,,,,,,,,,,
0,1.4224137931034482,0.6997000856760363,116,1.0689655172413792,0.2866337742481338,116,2.310344827586207,1.0747197256753143,116,1.2241379310344827,0.5122194994259823,116,2.1842105263157894,1.101614177466145,114,1.3706896551724137,0.5827994272593214,116,2.8869565217391306,1.1375968622056214,115,2.706896551724138,1.1113426378802418,116,1.043103448275862,0.3062321193874473,116,2.560344827586207,1.2250202703092985,116,2.4051724137931036,2.0343931827915926,116,2.796875,2.977053446316042,64
1,1.25,0.544671154612273,76,1.0526315789473684,0.2778362511554969,76,2.013157894736842,0.9999122768540794,76,1.131578947368421,0.37743362376830875,76,2.013157894736842,0.9728778073685183,76,1.4078947368421053,0.5698568610671133,76,2.8289473684210527,1.0756474998156453,76,2.460526315789474,1.1597791683325953,76,1.013157894736842,0.11470786693528086,76,2.25,1.1445523142259597,76,1.4078947368421053,1.8197262180811515,76,3.5384615384615383,3.0766194182144817,39
2,1.3333333333333333,0.5327554625137915,102,1.0490196078431373,0.2586120983896694,102,2.2254901960784315,1.013833649184995,102,1.2745098039215685,0.6472617531807777,102,2.372549019607843,0.9741365166232256,102,1.3823529411764706,0.5809537676440171,102,3.099009900990099,1.0247433873419192,101,3.1584158415841586,0.9458612294340722,101,1.099009900990099,0.33181170850497443,101,2.8316831683168315,1.0494694557793767,101,2.176470588235294,1.9366796363822973,102,3.2753623188405796,3.1054224775146726,69
3,1.3333333333333333,0.7669649888473704,18,1.0555555555555556,0.23570226039551584,18,2.0,1.0289915108550531,18,1.2777777777777777,0.751903901522118,18,1.8333333333333333,0.9235481451827989,18,1.3333333333333333,0.5940885257860046,18,2.388888888888889,1.2897281468629185,18,2.5555555555555554,1.293523333527109,18,1.0,0.0,18,2.2222222222222223,1.3085940167422419,18,1.2777777777777777,1.9645551975404014,18,4.571428571428571,2.9920529661723827,7
