variable,test,chi2,dof,p_value,cramers_v,n_unique_values,n_samples_used,interpretation
Individual,chi_square,152.0813451980119,21,7.05689450652964e-22,0.4030881661076093,8,312,strong
Round,chi_square,18.923713323713326,9,0.025849413723684437,0.14218875637639097,4,312,moderate
Puzzler,chi_square,5.674074074074074,3,0.12858994080784292,0.13485597818710715,2,312,moderate
Cohort,chi_square,16.049434824434822,15,0.3787738136933442,0.13094591279374715,6,312,moderate
Phase,chi_square,3.615584415584416,6,0.7285335652690437,0.07611968072848042,3,312,weak
