{
  "model": "LSTMAutoencoder",
  "processed_file": "data/processed/autoencoder/autoencoder_windows_cohort_norm.npz",
  "output_dir": "advanced/outputs/lstm_ae_32_cohort_norm",
  "latent_dim": 32,
  "hidden_dim": 64,
  "num_layers": 1,
  "dropout": 0.0,
  "epochs": 30,
  "batch_size": 64,
  "learning_rate": 0.001,
  "k_min": 2,
  "k_max": 8,
  "best_k": 2,
  "best_silhouette": 0.36382269859313965,
  "final_training_loss": 0.04180950786412498,
  "note": "K-Means was fitted on phase-level LSTM autoencoder latents.",
  "evaluation": {
    "Phase_ari": 0.004648284507418195,
    "Phase_nmi": 0.01059885606955874,
    "Puzzler_ari": 0.02775755705741397,
    "Puzzler_nmi": 0.03535488151578663,
    "Cohort_ari": 0.006957125749039657,
    "Cohort_nmi": 0.003955354761394452,
    "Round_ari": 0.01101598291407988,
    "Round_nmi": 0.023028352025593418,
    "Individual_ari": 0.025408739360258226,
    "Individual_nmi": 0.06573675643900126
  }
}