variable,test,chi2,dof,p_value,cramers_v,n_unique_values,n_samples_used,interpretation
Cohort,chi_square,223.1194357941015,5,3.1891961085101365e-46,0.8456514629420128,6,312,very strong
Puzzler,chi_square,0.7001282286132993,1,0.40274061093136626,0.0473708848633307,2,312,very weak
Round,chi_square,0.6286865726323503,3,0.8898349694079314,0.04488898602251256,4,312,very weak
Phase,chi_square,0.11430664956951822,2,0.9444492507865755,0.019140727952953324,3,312,very weak
