,upset,upset,upset,hostile,hostile,hostile,alert,alert,alert,ashamed,ashamed,ashamed,inspired,inspired,inspired,nervous,nervous,nervous,determined,determined,determined,attentive,attentive,attentive,afraid,afraid,afraid,active,active,active,frustrated,frustrated,frustrated,difficulty,difficulty,difficulty
,mean,std,count,mean,std,count,mean,std,count,mean,std,count,mean,std,count,mean,std,count,mean,std,count,mean,std,count,mean,std,count,mean,std,count,mean,std,count,mean,std,count
Cluster,,,,,,,,,,,,,,,,,,,,,,,,,,,,,,,,,,,,
0,1.3394495412844036,0.6414708718054061,109,1.091743119266055,0.3480443884970051,109,2.0458715596330275,1.012745819276206,109,1.2201834862385321,0.5669574117707674,109,1.9541284403669725,0.9465856880556585,109,1.4862385321100917,0.6326703971773074,109,2.761467889908257,1.1377290780224938,109,2.5871559633027523,1.2187653829936071,109,1.036697247706422,0.18888589072394196,109,2.293577981651376,1.2194621787643225,109,1.5779816513761469,1.9639980858294366,109,4.052631578947368,2.978620561791619,57
1,1.3497536945812807,0.6059420604459396,203,1.0394088669950738,0.21896164798275475,203,2.270935960591133,1.0438374607157488,203,1.2216748768472907,0.5405563257389517,203,2.308457711442786,1.0508939572824354,201,1.3251231527093597,0.5383411995515165,203,2.9950248756218905,1.0793401337753126,201,2.891089108910891,1.0404839105625325,202,1.0594059405940595,0.3097674357371038,202,2.6930693069306932,1.1262810219684445,202,2.2610837438423643,1.9614635897065054,203,2.819672131147541,3.015158380069422,122
