variable,test,chi2,dof,p_value,cramers_v,n_unique_values,n_samples_used,interpretation
Puzzler,chi_square,10.103211758301576,2,0.006399049091230399,0.1799502402580094,2,312,moderate
Round,chi_square,17.0347789269945,6,0.00915627292287411,0.16522507437891146,4,312,moderate
Cohort,chi_square,6.918727696122906,10,0.7330946402218115,0.10529817017034344,6,312,moderate
Phase,chi_square,3.5855561604064596,4,0.46498912902612066,0.07580292600154012,3,312,weak
