variable,ari,nmi,n_unique_values,n_samples_used
Phase,-0.001756721401313956,0.005702617177680165,3,312
Puzzler,0.009867984307891509,0.01953715980099825,2,312
Cohort,-0.001804237435747347,0.008776791102728792,6,312
Round,0.014408668407973677,0.02273773671757396,4,312
