,participant_ID,participant_ID,participant_ID,upset,upset,upset,hostile,hostile,hostile,alert,alert,alert,ashamed,ashamed,ashamed,inspired,inspired,inspired,nervous,nervous,nervous,determined,determined,determined,attentive,attentive,attentive,afraid,afraid,afraid,active,active,active,frustrated,frustrated,frustrated,difficulty,difficulty,difficulty
,mean,std,count,mean,std,count,mean,std,count,mean,std,count,mean,std,count,mean,std,count,mean,std,count,mean,std,count,mean,std,count,mean,std,count,mean,std,count,mean,std,count,mean,std,count
Cluster,,,,,,,,,,,,,,,,,,,,,,,,,,,,,,,,,,,,,,,
0,12.022222222222222,8.43478322424175,90,1.288888888888889,0.5455528984834518,90,1.0777777777777777,0.3427508604068165,90,2.3333333333333335,0.9715041043243726,90,1.2555555555555555,0.6281971906671086,90,2.2222222222222223,0.8450487357500508,90,1.6222222222222222,0.696343221871723,90,3.0555555555555554,1.0743287542274014,90,3.033333333333333,1.1751165373717174,90,1.1,0.30168068541929594,90,2.533333333333333,0.9385621324155873,90,2.188888888888889,1.6952971596229724,90,2.98,3.04718002790268,50
1,10.672727272727272,8.5202472261439,55,1.4545454545454546,0.6890192121758832,55,1.0363636363636364,0.18891859540615824,55,2.090909090909091,0.9082487681884435,55,1.4181818181818182,0.7376365935253919,55,2.1272727272727274,1.0724590202745978,55,1.4727272727272727,0.5726658082565501,55,2.581818181818182,0.975456381144309,55,2.4727272727272727,1.0157016449971084,55,1.0363636363636364,0.26967994498529685,55,2.4,1.211060141638997,55,2.2,2.2476324992871617,55,3.903225806451613,3.1660157791739603,31
2,11.778443113772456,8.87625857195487,167,1.341317365269461,0.6283699996847874,167,1.0538922155688624,0.25168073651316397,167,2.1497005988023954,1.1065453813121509,167,1.1377245508982037,0.3944825444650223,167,2.1818181818181817,1.1058201198532625,165,1.221556886227545,0.4445276036638914,167,2.9454545454545453,1.1436705214530967,165,2.753012048192771,1.0867619236253356,166,1.0301204819277108,0.2564252811055677,166,2.6144578313253013,1.2728524426009749,166,1.874251497005988,2.039311367111673,167,3.1122448979591835,3.015023048111541,98
