variable,ari,nmi,n_unique_values,n_samples_used
Phase,-0.002531423467922636,0.0011412471727100116,3,312
Puzzler,-0.00020087249684513578,0.0022565149439370525,2,312
Cohort,0.23932815613046715,0.372631013957992,6,312
Round,-0.0023865416473295214,0.001931430525286268,4,312
Individual,0.0034403080173646184,0.02243841329382238,8,312
