variable,ari,nmi,n_unique_values,n_samples_used
Phase,-0.002531423467922636,0.0011412471727100116,3,312
Puzzler,0.004170351572012663,0.006636729221170437,2,216
parent,-0.0047085655428645,0.0024273096918786376,2,96
Cohort,0.23932815613046715,0.372631013957992,6,312
Round,-0.0023865416473295214,0.001931430525286268,4,312
Individual,0.0034403080173646184,0.02243841329382238,8,312
