,upset,upset,upset,hostile,hostile,hostile,alert,alert,alert,ashamed,ashamed,ashamed,inspired,inspired,inspired,nervous,nervous,nervous,determined,determined,determined,attentive,attentive,attentive,afraid,afraid,afraid,active,active,active,frustrated,frustrated,frustrated,difficulty,difficulty,difficulty
,mean,std,count,mean,std,count,mean,std,count,mean,std,count,mean,std,count,mean,std,count,mean,std,count,mean,std,count,mean,std,count,mean,std,count,mean,std,count,mean,std,count
Cluster,,,,,,,,,,,,,,,,,,,,,,,,,,,,,,,,,,,,
0,1.3137254901960784,0.6130655345400249,102,1.0980392156862746,0.3590362214984633,102,2.0,1.0436038093506026,102,1.1862745098039216,0.5214297206731148,102,1.9313725490196079,0.9255429653047563,102,1.3725490196078431,0.5614967379087767,102,2.6831683168316833,1.103908447918639,101,2.514851485148515,1.2215879942610655,101,1.0396039603960396,0.1959995958775385,101,2.237623762376238,1.201236986206179,101,1.6372549019607843,1.9129015630259747,102,4.377777777777778,2.749288245816698,45
1,1.361904761904762,0.6206002577195101,210,1.0380952380952382,0.21538035894732363,210,2.2857142857142856,1.023310003348368,210,1.2380952380952381,0.5623567891920763,210,2.3076923076923075,1.0547973963658406,208,1.3857142857142857,0.5859484719296265,210,3.0239234449760763,1.0894608378404775,209,2.914285714285714,1.036319266117369,210,1.0571428571428572,0.3039948195407072,210,2.704761904761905,1.1317413396115865,210,2.2095238095238097,1.9985412771000002,210,2.8208955223880596,3.0555034687672955,134
