variable,ari,nmi,n_unique_values,n_samples_used
Phase,-0.003123909222569896,0.0006673221167944645,3,312
Cohort,0.28113186645507693,0.42555660830422276,6,312
Round,-0.0038427283931088256,0.00044238687422988414,4,312
Individual,0.003104004941816223,0.010657043988891883,8,312
