,upset,upset,upset,hostile,hostile,hostile,alert,alert,alert,ashamed,ashamed,ashamed,inspired,inspired,inspired,nervous,nervous,nervous,determined,determined,determined,attentive,attentive,attentive,afraid,afraid,afraid,active,active,active,frustrated,frustrated,frustrated,Puzzler,Puzzler,Puzzler,difficulty,difficulty,difficulty,parent,parent,parent
,mean,std,count,mean,std,count,mean,std,count,mean,std,count,mean,std,count,mean,std,count,mean,std,count,mean,std,count,mean,std,count,mean,std,count,mean,std,count,mean,std,count,mean,std,count,mean,std,count
Cluster,,,,,,,,,,,,,,,,,,,,,,,,,,,,,,,,,,,,,,,,,,
0,1.3454545454545455,0.6416201345013246,110,1.0909090909090908,0.34655458935474465,110,2.036363636363636,1.0130096200968053,110,1.2181818181818183,0.5647410412774034,110,1.9454545454545455,0.9466150573080212,110,1.481818181818182,0.6314657215277436,110,2.772727272727273,1.1386382572620466,110,2.590909090909091,1.213800268815734,110,1.0363636363636364,0.18804999956202972,110,2.290909090909091,1.2141781268701097,110,1.6090909090909091,1.982008315859644,110,0.5555555555555556,0.5,81,4.120689655172414,2.9975287260341448,58,0.5862068965517241,0.5012300141587652,29
1,1.3465346534653466,0.6057049437578212,202,1.0396039603960396,0.21948796493294656,202,2.277227722772277,1.0425648804625502,202,1.2227722772277227,0.5416725871459949,202,2.315,1.0494195572006344,200,1.3267326732673268,0.5391888304180126,202,2.99,1.0796891419367338,200,2.890547263681592,1.043053305926871,201,1.0597014925373134,0.31051233541964346,201,2.6965174129353233,1.1280238521171768,201,2.2475247524752477,1.956776415988893,202,0.4666666666666667,0.5007457125694801,135,2.7768595041322315,2.9902274253134027,121,0.4626865671641791,0.5023688795899497,67
