variable,test,chi2,dof,p_value,cramers_v,n_unique_values,n_samples_used,interpretation
Round,chi_square,50.2111801242236,6,4.264367229084146e-09,0.28366641467480935,4,312,moderate
Individual,chi_square,14.672325741890958,14,0.4009141757685527,0.15334060954320503,8,312,moderate
Puzzler,chi_square,6.413250517598343,2,0.0404930364645749,0.14337116209512815,2,312,moderate
Phase,chi_square,9.452173913043477,4,0.05073929781954705,0.12307605211508997,3,312,moderate
Cohort,chi_square,8.600724637681159,10,0.5703680777796672,0.11740192741342227,6,312,moderate
