variable,ari,nmi,n_unique_values,n_samples_used
Phase,0.006485207163158031,0.014086309885382526,3,312
Puzzler,0.010831021810506472,0.011763012003427598,2,312
Cohort,-0.0042089628914487726,0.010376179929733349,6,312
Round,0.05538031416228175,0.07038859924847374,4,312
Individual,0.0015927843089108807,0.01663011633110045,8,312
