,upset,upset,upset,hostile,hostile,hostile,alert,alert,alert,ashamed,ashamed,ashamed,inspired,inspired,inspired,nervous,nervous,nervous,determined,determined,determined,attentive,attentive,attentive,afraid,afraid,afraid,active,active,active,frustrated,frustrated,frustrated,difficulty,difficulty,difficulty
,mean,std,count,mean,std,count,mean,std,count,mean,std,count,mean,std,count,mean,std,count,mean,std,count,mean,std,count,mean,std,count,mean,std,count,mean,std,count,mean,std,count
Cluster,,,,,,,,,,,,,,,,,,,,,,,,,,,,,,,,,,,,
0,1.4492753623188406,0.6514718178567255,138,1.0797101449275361,0.32107470542799266,138,2.3043478260869565,1.0712479634994918,138,1.181159420289855,0.4395669276557469,138,2.1691176470588234,1.1192268962618366,136,1.2753623188405796,0.4947625832176964,138,2.9197080291970803,1.1823356381269483,137,2.7753623188405796,1.152706215647189,138,1.0507246376811594,0.30380707881874436,138,2.601449275362319,1.1993906912490797,138,2.1884057971014492,2.125791306982429,138,3.3902439024390243,3.021552611934922,82
1,1.318840579710145,0.6750327578802556,69,1.0289855072463767,0.16899482177531736,69,2.217391304347826,1.0553723237265509,69,1.3333333333333333,0.7605467589497831,69,2.260869565217391,1.0662216676194864,69,1.4057971014492754,0.5509040852706987,69,2.8676470588235294,1.0776482377471688,68,2.823529411764706,1.1189170733492646,68,1.0294117647058822,0.24253562503633297,68,2.5,1.1130166082090842,68,2.0434782608695654,2.0539401346500687,69,3.7714285714285714,3.1908482579154427,35
2,1.2285714285714286,0.5049208402760328,105,1.0476190476190477,0.25498689185586587,105,2.0285714285714285,0.9653331714326053,105,1.2,0.5076340292891206,105,2.1523809523809523,0.8746532541632226,105,1.5047619047619047,0.6668497916987337,105,2.933333333333333,1.0215624031794355,105,2.7714285714285714,1.0675019623215871,105,1.0666666666666667,0.25064020591380154,105,2.5238095238095237,1.185612776448388,105,1.7904761904761906,1.7303581115304412,105,2.661290322580645,2.969481648132101,62
