variable,test,chi2,dof,p_value,cramers_v,n_unique_values,n_samples_used,interpretation
Cohort,chi_square,94.85319743547592,5,6.411337079924095e-19,0.5513770565112754,6,312,very strong
Round,chi_square,3.0261384185434816,3,0.3876126770553056,0.09848432158417793,4,312,weak
Phase,chi_square,0.7950024658885417,2,0.6719971141120863,0.050478558087229855,3,312,weak
Puzzler,chi_square,0.32056551043892817,1,0.5712679919570024,0.03205391643932343,2,312,very weak
