variable,ari,nmi,n_unique_values,n_samples_used
Phase,-0.002599095491415873,0.0014226980118659347,3,312
Puzzler,-0.0017412134730899276,0.0010675843448946381,2,312
Cohort,0.15405267269787748,0.14881954730507055,6,312
Round,2.6551186705289792e-05,0.004677563662749007,4,312
