,participant_ID,participant_ID,participant_ID,upset,upset,upset,hostile,hostile,hostile,alert,alert,alert,ashamed,ashamed,ashamed,inspired,inspired,inspired,nervous,nervous,nervous,determined,determined,determined,attentive,attentive,attentive,afraid,afraid,afraid,active,active,active,frustrated,frustrated,frustrated,difficulty,difficulty,difficulty
,mean,std,count,mean,std,count,mean,std,count,mean,std,count,mean,std,count,mean,std,count,mean,std,count,mean,std,count,mean,std,count,mean,std,count,mean,std,count,mean,std,count,mean,std,count
Cluster,,,,,,,,,,,,,,,,,,,,,,,,,,,,,,,,,,,,,,,
0,11.363636363636363,8.600667386946856,154,1.3116883116883118,0.6105765037415982,154,1.0584415584415585,0.2616441975369316,154,2.188311688311688,1.0650077818579762,154,1.1428571428571428,0.418971217888812,154,2.064935064935065,1.0947009898569502,154,1.3181818181818181,0.5075192189225524,154,2.8300653594771243,1.1909242854164876,153,2.758169934640523,1.2566985977827283,153,1.0326797385620916,0.21207932520375147,153,2.4640522875816995,1.2086646818028135,153,1.87012987012987,2.0728601020405013,154,3.426829268292683,3.059211904504762,82
1,11.936708860759493,8.762749433507915,158,1.379746835443038,0.6244242692140916,158,1.0569620253164558,0.2820234187790457,158,2.1962025316455698,1.0123999408575284,158,1.2974683544303798,0.6435321882673223,158,2.301282051282051,0.9464355663351589,156,1.4430379746835442,0.6333981841584606,158,2.9936305732484074,1.0095493745092934,157,2.810126582278481,0.9587139656598841,158,1.0696202531645569,0.3215624397290851,158,2.6392405063291138,1.135520052188439,158,2.170886075949367,1.8926375556019563,158,3.0309278350515463,3.046355774553365,97
