{
  "model": "LSTMAutoencoder",
  "processed_file": "data/processed/autoencoder/autoencoder_windows_individual_norm.npz",
  "output_dir": "advanced/outputs/lstm_ae_8_individual_norm",
  "latent_dim": 8,
  "hidden_dim": 64,
  "num_layers": 1,
  "dropout": 0.0,
  "epochs": 30,
  "batch_size": 64,
  "learning_rate": 0.001,
  "k_min": 2,
  "k_max": 8,
  "best_k": 4,
  "best_silhouette": 0.3441285789012909,
  "final_training_loss": 0.04189856474598249,
  "note": "K-Means was fitted on phase-level LSTM autoencoder latents.",
  "evaluation": {
    "Phase_ari": -0.002992473321445765,
    "Phase_nmi": 0.004697548027254815,
    "Puzzler_ari": 0.028642675744528123,
    "Puzzler_nmi": 0.03585009896006702,
    "Cohort_ari": 0.1799677520485642,
    "Cohort_nmi": 0.26535114774656166,
    "Round_ari": 0.015575177516425363,
    "Round_nmi": 0.04632182823419176,
    "Individual_ari": 0.0009529722610870652,
    "Individual_nmi": 0.02279046451616914
  }
}