variable,test,chi2,dof,p_value,cramers_v,n_unique_values,n_samples_used,interpretation
Cohort,chi_square,106.75793194147624,5,1.9832368850483727e-21,0.5849554331628888,6,312,very strong
Round,chi_square,1.897747821798455,3,0.5938982777790949,0.07799054474657068,4,312,weak
Phase,chi_square,1.2566168009205982,2,0.5334934954902983,0.06346351669793114,3,312,weak
Puzzler,chi_square,0.012822620417557128,1,0.9098426546745444,0.006410783287864686,2,312,very weak
