variable,ari,nmi,n_unique_values,n_samples_used
Phase,-0.001608711136304168,0.0022493636635059007,3,312
Puzzler,-0.003060378857087412,0.00011859445451626432,2,312
Cohort,0.17519722608484714,0.1702581553771901,6,312
Round,-0.0017900810076706378,0.002928480914686582,4,312
