,participant_ID,participant_ID,participant_ID,upset,upset,upset,hostile,hostile,hostile,alert,alert,alert,ashamed,ashamed,ashamed,inspired,inspired,inspired,nervous,nervous,nervous,determined,determined,determined,attentive,attentive,attentive,afraid,afraid,afraid,active,active,active,frustrated,frustrated,frustrated,difficulty,difficulty,difficulty
,mean,std,count,mean,std,count,mean,std,count,mean,std,count,mean,std,count,mean,std,count,mean,std,count,mean,std,count,mean,std,count,mean,std,count,mean,std,count,mean,std,count,mean,std,count
Cluster,,,,,,,,,,,,,,,,,,,,,,,,,,,,,,,,,,,,,,,
0,11.772151898734178,8.762905848331142,158,1.3291139240506329,0.6428740996165208,158,1.0506329113924051,0.24721295789916276,158,2.170886075949367,1.0478551826249325,158,1.1708860759493671,0.43993395530217466,158,2.1139240506329116,1.0882972356740803,158,1.4050632911392404,0.586883973640862,158,2.892405063291139,1.1542524149536912,158,2.7911392405063293,1.2571010907890876,158,1.0569620253164558,0.25845377775655803,158,2.569620253164557,1.2737781136835797,158,1.759493670886076,2.0077251434277663,158,3.4831460674157304,2.9699722968962106,89
1,11.532467532467532,8.60852961351601,154,1.3636363636363635,0.5920848488278744,154,1.0649350649350648,0.2953965911832354,154,2.2142857142857144,1.0287646358636824,154,1.2727272727272727,0.6393698620974608,154,2.2565789473684212,0.9594197372040212,152,1.3571428571428572,0.5679750918382305,154,2.9342105263157894,1.052723070265832,152,2.7777777777777777,0.9474496391436593,153,1.0457516339869282,0.288824051362311,153,2.5359477124183005,1.0639186738733573,153,2.292207792207792,1.9332837203753346,154,2.9444444444444446,3.1206492810120694,90
