variable,test,chi2,dof,p_value,cramers_v,n_unique_values,n_samples_used,interpretation
Round,chi_square,18.332773109243693,6,0.005452226591739603,0.17140432924907828,4,312,moderate
Puzzler,chi_square,8.784572290454644,2,0.0123724117337976,0.167796544714496,2,312,moderate
Cohort,chi_square,7.393067226890755,10,0.6878885127478527,0.10884789453939044,6,312,moderate
Phase,chi_square,2.566127989657401,4,0.6328349732147535,0.06412787692423583,3,312,weak
