variable,ari,nmi,n_unique_values,n_samples_used
Phase,-0.0026421200445926715,0.004025294466774542,3,312
Puzzler,0.007443517427382865,0.017102764836416765,2,312
Cohort,-0.0010947678062683123,0.009222244859046403,6,312
Round,0.015913078583409408,0.02457691637743387,4,312
