,participant_ID,participant_ID,participant_ID,upset,upset,upset,hostile,hostile,hostile,alert,alert,alert,ashamed,ashamed,ashamed,inspired,inspired,inspired,nervous,nervous,nervous,determined,determined,determined,attentive,attentive,attentive,afraid,afraid,afraid,active,active,active,frustrated,frustrated,frustrated,difficulty,difficulty,difficulty
,mean,std,count,mean,std,count,mean,std,count,mean,std,count,mean,std,count,mean,std,count,mean,std,count,mean,std,count,mean,std,count,mean,std,count,mean,std,count,mean,std,count,mean,std,count
Cluster,,,,,,,,,,,,,,,,,,,,,,,,,,,,,,,,,,,,,,,
0,11.717647058823529,8.931179033473121,170,1.3411764705882352,0.6259277833549455,170,1.0529411764705883,0.2495383834269619,170,2.135294117647059,1.0983802902890103,170,1.1411764705882352,0.3968199381941592,170,2.1666666666666665,1.0925258690077313,168,1.223529411764706,0.4452635836144059,170,2.9345238095238093,1.1432691907610752,168,2.7514792899408285,1.089894408869596,169,1.029585798816568,0.25415676412306437,169,2.621301775147929,1.2765357548418637,169,1.8941176470588235,2.038235281561074,170,3.21,3.0261319778679097,100
1,10.980392156862745,8.315023021203082,51,1.4705882352941178,0.7029350233548072,51,1.0392156862745099,0.19603921176392147,51,2.0980392156862746,0.9001089258702928,51,1.4313725490196079,0.7551132884748967,51,2.1372549019607843,1.0958030451342478,51,1.4705882352941178,0.578029105719447,51,2.5686274509803924,0.9644667326721915,51,2.450980392156863,1.006254947619063,51,1.0392156862745099,0.28005601680560194,51,2.3529411764705883,1.1970552102850514,51,2.156862745098039,2.292357293439291,51,3.6785714285714284,3.243838277794806,28
2,11.912087912087912,8.453333795541985,91,1.2857142857142858,0.5433581647846062,91,1.0769230769230769,0.34093887463783923,91,2.3516483516483517,0.9817628857613045,91,1.2527472527472527,0.6252716137524484,91,2.241758241758242,0.8607575389757216,91,1.6263736263736264,0.6935953294785664,91,3.065934065934066,1.072921223184606,91,3.032967032967033,1.1685751005253215,91,1.098901098901099,0.3001830943106059,91,2.5384615384615383,0.9346145052931043,91,2.1868131868131866,1.685968814210643,91,2.9607843137254903,3.019674050712928,51
