{
  "model": "AgglomerativeClustering",
  "input_representation_dir": "advanced/outputs/conv_ae_32_cohort_norm",
  "clustering_method": "AgglomerativeClustering",
  "linkage": "ward",
  "standardize_features": false,
  "n_clusters": 4,
  "best_k": 4,
  "silhouette": 0.26906758546829224,
  "selection_metric": "fixed_n_clusters",
  "n_samples": 312,
  "n_features": 32,
  "note": "Agglomerative clustering was fitted on an existing phase-level representation using a fixed number of clusters. Silhouette is saved only as a geometric diagnostic, not as the model-selection criterion.",
  "evaluation": {
    "Phase_ari": -0.00252115214913648,
    "Phase_nmi": 0.004915127968936153,
    "Puzzler_ari": 0.0008935162271939617,
    "Puzzler_nmi": 0.007046753450465085,
    "parent_ari": 0.22767089909344845,
    "parent_nmi": 0.22968101328705848,
    "Cohort_ari": -0.005529636455801906,
    "Cohort_nmi": 0.0187211876895095,
    "Round_ari": 0.0063088142124480984,
    "Round_nmi": 0.02218561016641304,
    "Individual_ari": 0.05706091898993352,
    "Individual_nmi": 0.13302560145872208
  }
}