variable,ari,nmi,n_unique_values,n_samples_used
Phase,-0.0038419588411455073,0.00014756575892203646,3,312
Puzzler,0.01030076909864692,0.01037438028304437,2,312
Cohort,0.24732902631300427,0.37900475577574844,6,312
Round,-0.0030203747312378417,0.0015195919540989282,4,312
Individual,0.0017432856844980045,0.00884392233725601,8,312
