variable,test,chi2,dof,p_value,cramers_v,n_unique_values,n_samples_used,interpretation
Individual,chi_square,49.534670008354226,7,1.7824642692027077e-08,0.39845321930622457,8,312,strong
Puzzler,chi_square,13.700501253132831,1,0.00021439725541339997,0.209551575968329,2,312,moderate
Round,chi_square,11.989974937343359,3,0.007417581150214956,0.19603419816567588,4,312,moderate
Phase,chi_square,4.7894736842105265,2,0.09119667489006629,0.12389865694583803,3,312,moderate
Cohort,chi_square,3.9314954051796156,5,0.5593205782945249,0.1122539389574955,6,312,moderate
