variable,ari,nmi,n_unique_values,n_samples_used
Phase,0.004383463723434378,0.009206219545652167,3,312
Puzzler,0.03453915995879907,0.03747084504840758,2,312
Cohort,0.011553546293624149,0.005609308886635456,6,312
Round,0.01027093607864,0.01947739346824519,4,312
Individual,0.024762466656654724,0.0668578277629381,8,312
