,upset,upset,upset,hostile,hostile,hostile,alert,alert,alert,ashamed,ashamed,ashamed,inspired,inspired,inspired,nervous,nervous,nervous,determined,determined,determined,attentive,attentive,attentive,afraid,afraid,afraid,active,active,active,frustrated,frustrated,frustrated,difficulty,difficulty,difficulty
,mean,std,count,mean,std,count,mean,std,count,mean,std,count,mean,std,count,mean,std,count,mean,std,count,mean,std,count,mean,std,count,mean,std,count,mean,std,count,mean,std,count
Cluster,,,,,,,,,,,,,,,,,,,,,,,,,,,,,,,,,,,,
0,1.4523809523809523,0.7011996932067918,84,1.0476190476190477,0.2142378986621611,84,2.0476190476190474,0.9171033748246405,84,1.3571428571428572,0.7052788415982693,84,2.142857142857143,1.0429667732911383,84,1.4761904761904763,0.6300925630258568,84,2.746987951807229,1.1352809203654193,83,2.619047619047619,1.0855542352665326,84,1.0238095238095237,0.2182178902359924,84,2.4642857142857144,1.1968475516798847,84,2.130952380952381,2.2104884806318967,84,3.26,3.173937231739218,50
1,1.3070175438596492,0.5805540871865489,228,1.0614035087719298,0.2903768694838599,228,2.245614035087719,1.074833485792568,228,1.1710526315789473,0.47086455008897116,228,2.1991150442477876,1.0242391713068444,226,1.3464912280701755,0.5538300482906959,228,2.973568281938326,1.0886408870405408,227,2.845814977973568,1.1202155375512013,227,1.0616740088105727,0.2909897960429454,227,2.5859030837004404,1.165649368696548,227,1.9824561403508771,1.900532993362864,228,3.193798449612403,3.013193694456113,129
