variable,test,chi2,dof,p_value,cramers_v,n_unique_values,n_samples_used,interpretation
Cohort,chi_square,214.04462857774797,15,2.932163337479029e-37,0.4782051429427649,6,312,strong
Puzzler,chi_square,21.615192790060085,3,7.843205548944428e-05,0.2632099239593853,2,312,moderate
Round,chi_square,40.82487507048552,9,5.382687775083772e-06,0.20884520468459286,4,312,moderate
Individual,chi_square,19.832705445047218,21,0.531878952335507,0.14556369007633801,8,312,moderate
Phase,chi_square,3.5979481420988164,6,0.730895797814048,0.07593380364116346,3,312,weak
