variable,ari,nmi,n_unique_values,n_samples_used
Phase,-0.002992473321445765,0.004697548027254815,3,312
Puzzler,0.028642675744528123,0.03585009896006702,2,312
Cohort,0.1799677520485642,0.26535114774656166,6,312
Round,0.015575177516425363,0.04632182823419176,4,312
Individual,0.0009529722610870652,0.02279046451616914,8,312
