,upset,upset,upset,hostile,hostile,hostile,alert,alert,alert,ashamed,ashamed,ashamed,inspired,inspired,inspired,nervous,nervous,nervous,determined,determined,determined,attentive,attentive,attentive,afraid,afraid,afraid,active,active,active,frustrated,frustrated,frustrated,difficulty,difficulty,difficulty
,mean,std,count,mean,std,count,mean,std,count,mean,std,count,mean,std,count,mean,std,count,mean,std,count,mean,std,count,mean,std,count,mean,std,count,mean,std,count,mean,std,count
Cluster,,,,,,,,,,,,,,,,,,,,,,,,,,,,,,,,,,,,
0,1.2658227848101267,0.547929921578824,79,1.0506329113924051,0.27262890045718197,79,1.9873417721518987,1.03147480780199,79,1.1518987341772151,0.42633222855062386,79,1.9493670886075949,0.9594166787784847,79,1.3544303797468353,0.5073302339154702,79,2.7341772151898733,1.094377949520765,79,2.3797468354430378,1.1469446309077271,79,1.0126582278481013,0.11250879009260237,79,2.2151898734177213,1.162125440909439,79,1.4303797468354431,1.8305354709356987,79,3.5945945945945947,3.1132285801386628,37
1,1.4017857142857142,0.6904734167609491,112,1.0714285714285714,0.2914482543129826,112,2.3125,1.074111826681103,112,1.2053571428571428,0.48654681093169155,112,2.227272727272727,1.0976128468793975,110,1.3660714285714286,0.5850315416812197,112,2.945945945945946,1.1268446520168027,111,2.7857142857142856,1.1103815708787828,112,1.0446428571428572,0.31158972959351466,112,2.6160714285714284,1.2099105447856575,112,2.4285714285714284,2.0300192415290357,112,2.78125,2.9518288654313367,64
2,1.3571428571428572,0.7800420555749596,28,1.0357142857142858,0.1889822365046136,28,2.0357142857142856,0.8811668550592598,28,1.25,0.6454972243679027,28,2.0357142857142856,0.8811668550592598,28,1.5714285714285714,0.7417981870189156,28,2.6785714285714284,1.1880133254200733,28,2.857142857142857,1.1773883752795364,28,1.0,0.0,28,2.25,1.1426091000668408,28,1.1428571428571428,1.7151673218082666,28,3.8666666666666667,3.2263793654069586,15
3,1.3440860215053763,0.5211739185621574,93,1.053763440860215,0.27049035174665986,93,2.2688172043010755,1.022994166185038,93,1.2903225806451613,0.6688836442859608,93,2.3763440860215055,1.009885685466038,93,1.3655913978494623,0.566931984198993,93,3.097826086956522,1.038381904893808,92,3.108695652173913,0.9659763806082302,92,1.108695652173913,0.3462998046579919,92,2.858695652173913,1.0647346234825028,92,2.3010752688172045,1.96039562464891,93,3.2698412698412698,3.080669958589073,63
