variable,test,chi2,dof,p_value,cramers_v,n_unique_values,n_samples_used,interpretation
Individual,chi_square,55.37814584771107,7,1.2545933554322588e-09,0.4213004357987328,8,312,strong
Puzzler,chi_square,12.919254658385093,1,0.0003252193330131545,0.2034892318891199,2,312,moderate
Round,chi_square,7.392684610075914,3,0.06038091363254269,0.1539301853288416,4,312,moderate
Cohort,chi_square,4.619829767655855,5,0.4640124286039432,0.12168461978082794,6,312,moderate
Phase,chi_square,4.13416149068323,2,0.1265546883403233,0.11511089261379083,3,312,moderate
