variable,ari,nmi,n_unique_values,n_samples_used
Phase,0.003935381980606604,0.007518199991257964,3,312
Puzzler,0.036722509166515274,0.03357130770958706,2,312
Cohort,0.007217230173084824,0.006383689462572382,6,312
Round,0.0059795860358278965,0.011974010894744869,4,312
Individual,0.030240142606162243,0.07647811945590498,8,312
