,upset,upset,upset,hostile,hostile,hostile,alert,alert,alert,ashamed,ashamed,ashamed,inspired,inspired,inspired,nervous,nervous,nervous,determined,determined,determined,attentive,attentive,attentive,afraid,afraid,afraid,active,active,active,frustrated,frustrated,frustrated,difficulty,difficulty,difficulty
,mean,std,count,mean,std,count,mean,std,count,mean,std,count,mean,std,count,mean,std,count,mean,std,count,mean,std,count,mean,std,count,mean,std,count,mean,std,count,mean,std,count
Cluster,,,,,,,,,,,,,,,,,,,,,,,,,,,,,,,,,,,,
0,1.4285714285714286,0.6913913349341153,105,1.0761904761904761,0.300488003575917,105,1.9238095238095239,0.895450446329389,105,1.3142857142857143,0.6695906573061248,105,2.125,1.03986089435638,104,1.438095238095238,0.6189912625798388,105,2.6923076923076925,1.1067043972321045,104,2.4952380952380953,1.0481101080205262,105,1.0476190476190477,0.3503007603626101,105,2.361904761904762,1.185844469661644,105,2.0476190476190474,2.189928662259925,105,3.0526315789473686,3.209478443563572,57
1,1.3043478260869565,0.5738055849357898,207,1.0483091787439613,0.25615631806432904,207,2.3285024154589373,1.0786134477440616,207,1.173913043478261,0.4712054899521869,207,2.2135922330097086,1.0231513769878156,206,1.3526570048309179,0.554137301373504,207,3.0242718446601944,1.0884731771832101,206,2.9320388349514563,1.1197746804915067,206,1.0533980582524272,0.22537363404586722,206,2.650485436893204,1.1578679975657333,206,2.0096618357487923,1.879863499909954,207,3.2868852459016393,2.983368522122064,122
