variable,ari,nmi,n_unique_values,n_samples_used
Phase,-0.004420492778622135,0.002485773649583898,3,312
Cohort,0.23422719727199662,0.29523785026483335,6,312
Round,0.002174571422476428,0.011176277453598603,4,312
Individual,0.06115255424157836,0.17457954319779484,8,312
