variable,ari,nmi,n_unique_values,n_samples_used
Phase,-0.004420492778622135,0.002485773649583898,3,312
Puzzler,0.025108663323714954,0.045232337626943904,2,216
parent,0.46955901228389657,0.47486283273366875,2,96
Cohort,0.23422719727199662,0.29523785026483335,6,312
Round,0.002174571422476428,0.011176277453598603,4,312
Individual,0.06115255424157836,0.17457954319779484,8,312
