variable,ari,nmi,chi_square,chi_square_dof,chi_square_p_value,cramers_v,n_unique_values,n_samples_used
Cohort,0.19732246556296076,0.3263586103409479,217.55555555555554,5,4.96089784200208e-45,0.8350409853973919,6,312
Round,-0.0008073352986504352,0.0036516356202762634,2.2564102564102564,3,0.5209229369828592,0.0850416612911641,4,312
Phase,-0.001911712825210144,0.0013719804776642338,0.717948717948718,2,0.6983922586158029,0.047969966497101814,3,312
Puzzler,-0.002252642431158516,0.00017457254747673014,0.017094017094017096,1,0.8959777528329079,0.007401926528072126,2,312
