variable,test,chi2,dof,p_value,cramers_v,n_unique_values,n_samples_used,interpretation
Round,chi_square,53.51633986928105,6,9.233989829932605e-10,0.29285382902589796,4,312,moderate
Phase,chi_square,8.281733746130032,4,0.08178633071826746,0.11520420655749389,3,312,moderate
Cohort,chi_square,6.564657149409473,10,0.7658049411111195,0.10256843517030184,6,312,moderate
Puzzler,chi_square,3.0402476780185763,2,0.21868480356583958,0.09871364436283807,2,312,weak
