variable,ari,nmi,n_unique_values,n_samples_used
Phase,0.004435125675609538,0.012749388345564081,3,312
Puzzler,0.003798972056901008,0.005680422323622508,2,312
Cohort,-0.006989404396947525,0.008156200792146892,6,312
Round,0.051818813592167605,0.07203094768639394,4,312
