,participant_ID,participant_ID,participant_ID,upset,upset,upset,hostile,hostile,hostile,alert,alert,alert,ashamed,ashamed,ashamed,inspired,inspired,inspired,nervous,nervous,nervous,determined,determined,determined,attentive,attentive,attentive,afraid,afraid,afraid,active,active,active,frustrated,frustrated,frustrated,difficulty,difficulty,difficulty
,mean,std,count,mean,std,count,mean,std,count,mean,std,count,mean,std,count,mean,std,count,mean,std,count,mean,std,count,mean,std,count,mean,std,count,mean,std,count,mean,std,count,mean,std,count
Cluster,,,,,,,,,,,,,,,,,,,,,,,,,,,,,,,,,,,,,,,
0,12.470588235294118,8.445170724233133,102,1.2254901960784315,0.5055506309925751,102,1.0392156862745099,0.24052618175146795,102,2.0294117647058822,0.9795521542166699,102,1.2058823529411764,0.5139294418211964,102,2.1666666666666665,0.9019597292203868,102,1.5196078431372548,0.6708999742013863,102,2.9313725490196076,1.0074947256483675,102,2.764705882352941,1.054706290008207,102,1.0686274509803921,0.2540680473895316,102,2.5294117647058822,1.2243881668925736,102,1.696078431372549,1.727982946413113,102,2.6379310344827585,2.9421216587370136,58
1,11.542483660130719,8.944997814203917,153,1.4640522875816993,0.6788742984069257,153,1.0849673202614378,0.3233808333817773,153,2.2679738562091503,1.063797418064373,153,1.2026143790849673,0.5047077987908475,153,2.1258278145695364,1.0972975030293861,151,1.2941176470588236,0.4984496086706268,153,2.9139072847682117,1.1543563710339102,151,2.7697368421052633,1.142034867636961,152,1.0592105263157894,0.3302327622139517,152,2.5460526315789473,1.1783860091733716,152,2.281045751633987,2.2197010121679304,153,3.4615384615384617,3.1773772982959536,91
2,10.491228070175438,8.330500771728518,57,1.2456140350877194,0.5757201004700228,57,1.0175438596491229,0.1324532357065044,57,2.280701754385965,1.04803193048604,57,1.2982456140350878,0.7062201265667243,57,2.3684210526315788,1.045937360651208,57,1.368421052631579,0.5552212862379551,57,2.8771929824561404,1.150623673097652,57,2.8596491228070176,1.1563272598315641,57,1.0,0.0,57,2.6140350877192984,1.0815726969311248,57,1.912280701754386,1.6613323155397421,57,3.566666666666667,2.7876987584414663,30
