{
  "model": "Conv1DAutoencoder",
  "signals": [
    "HR",
    "EDA",
    "TEMP"
  ],
  "latent_dim": 8,
  "window_size": 60,
  "step_size": 30,
  "epochs": 30,
  "batch_size": 64,
  "learning_rate": 0.001,
  "k_min": 2,
  "k_max": 8,
  "best_k": 4,
  "best_silhouette": 0.35107776522636414,
  "final_training_loss": 0.0030785965744727925,
  "embedding_method": "none",
  "processed_file": "/Users/alessandra/Desktop/DTU/second_semester/CDA/cda-case-2/data/processed/autoencoder/autoencoder_windows.npz",
  "output_dir": "/Users/alessandra/Desktop/DTU/second_semester/CDA/cda-case-2/advanced/outputs/conv_ae_8",
  "note": "K-Means was fitted on phase-level latent vectors, not on PCA/t-SNE.",
  "evaluation": {
    "Phase_ari": -0.004022594913871809,
    "Phase_nmi": 0.0029792531475503568,
    "Puzzler_ari": 0.018984777356910124,
    "Puzzler_nmi": 0.05668093272163057,
    "parent_ari": 0.12204343620856414,
    "parent_nmi": 0.1851124242130817,
    "Cohort_ari": 0.15506317864522542,
    "Cohort_nmi": 0.27958306866095495,
    "Round_ari": 0.006124384617420172,
    "Round_nmi": 0.03353778240361294,
    "Individual_ari": 0.04264006561226038,
    "Individual_nmi": 0.12461355886208299
  }
}