variable,test,chi2,dof,p_value,cramers_v,n_unique_values,n_samples_used,interpretation
Individual,chi_square,59.45730864879801,7,1.937148061769071e-10,0.4365412889421523,8,312,strong
Cohort,chi_square,7.118209450124344,5,0.21199633059139028,0.15104560198365152,6,312,moderate
Round,chi_square,3.914009394860458,3,0.2709005248731619,0.11200402629639719,4,312,moderate
Puzzler,chi_square,1.7242332135949157,1,0.18914904814483402,0.07433968324597509,2,312,weak
Phase,chi_square,0.551754628350373,2,0.7589060320625192,0.04205287530759117,3,312,very weak
