variable,ari,nmi,n_unique_values,n_samples_used
Phase,-0.002135422560839461,0.001080605049472865,3,312
Puzzler,0.0025874122447271343,0.005355560182911603,2,312
Cohort,-0.004562649285560985,0.011522762911253655,6,312
Round,0.0009581959412013563,0.006778003333460408,4,312
Individual,0.015517180467103436,0.08520415277705556,8,312
