{
  "model": "PCA",
  "n_components": 32,
  "representation": "flattened 60-second HR/EDA/TEMP windows",
  "aggregation": "mean PCA scores per Cohort/Individual/Round/Phase",
  "processed_file": "data/processed/autoencoder/autoencoder_windows_individual_round_norm.npz",
  "output_dir": "advanced/outputs/pca_32_individual_round_norm",
  "standardize_flattened_features": false,
  "k_min": 2,
  "k_max": 8,
  "best_k": 2,
  "best_silhouette": 0.43594619631767273,
  "cumulative_explained_variance": 0.9994626045227051,
  "note": "K-Means was fitted on phase-level PCA scores.",
  "evaluation": {
    "Phase_ari": -0.0034243079261271217,
    "Phase_nmi": 0.0003617940885356151,
    "Puzzler_ari": 0.004032667896308808,
    "Puzzler_nmi": 0.005709166889934576,
    "Cohort_ari": 0.28538406911816233,
    "Cohort_nmi": 0.43104400510459473,
    "Round_ari": -0.003995529778944904,
    "Round_nmi": 0.0002451024565729752,
    "Individual_ari": 0.0021281135653948955,
    "Individual_nmi": 0.010406696481251528
  }
}