variable,ari,nmi,chi_square,chi_square_dof,chi_square_p_value,cramers_v,n_unique_values,n_samples_used
Cohort,0.2676109523838085,0.41441724998431134,253.65427954926872,5,9.036107500299466e-53,0.9016620684795583,6,312
Round,-0.0018127107365975578,0.0025515909115390065,1.600767202109806,3,0.6592158742850871,0.07162865424762846,4,312
Phase,-0.003151785478120567,0.0003897040234287181,0.20944617597698392,2,0.9005738677825716,0.025909493358228307,3,312
Puzzler,-0.0027219100643499075,3.6521009137485525e-05,0.0,1,1.0,0.0,2,312
