{
  "model": "LSTMAutoencoder",
  "processed_file": "data/processed/autoencoder/autoencoder_windows_individual_norm.npz",
  "output_dir": "advanced/outputs/lstm_ae_4_individual_norm",
  "latent_dim": 4,
  "hidden_dim": 64,
  "num_layers": 1,
  "dropout": 0.0,
  "epochs": 30,
  "batch_size": 64,
  "learning_rate": 0.001,
  "k_min": 2,
  "k_max": 8,
  "best_k": 4,
  "best_silhouette": 0.34570080041885376,
  "final_training_loss": 0.04077549186753638,
  "note": "K-Means was fitted on phase-level LSTM autoencoder latents.",
  "evaluation": {
    "Phase_ari": -0.004341171395492582,
    "Phase_nmi": 0.002998904406176287,
    "Puzzler_ari": 0.03851973340579001,
    "Puzzler_nmi": 0.04311758309305006,
    "Cohort_ari": 0.1657489860602534,
    "Cohort_nmi": 0.25456426441287094,
    "Round_ari": 0.021844358099543562,
    "Round_nmi": 0.05269266618841828,
    "Individual_ari": -0.00029667897838931415,
    "Individual_nmi": 0.022665207834473504
  }
}