variable,ari,nmi,n_unique_values,n_samples_used
Phase,-0.0007524696533251573,0.0029572492038540572,3,312
Puzzler,-0.0031621102420109196,2.9923699068296707e-05,2,312
Cohort,-0.005068667858490475,0.0004757820477586223,6,312
Round,0.014686463298064107,0.01893041392496551,4,312
