,participant_ID,participant_ID,participant_ID,upset,upset,upset,hostile,hostile,hostile,alert,alert,alert,ashamed,ashamed,ashamed,inspired,inspired,inspired,nervous,nervous,nervous,determined,determined,determined,attentive,attentive,attentive,afraid,afraid,afraid,active,active,active,frustrated,frustrated,frustrated,difficulty,difficulty,difficulty
,mean,std,count,mean,std,count,mean,std,count,mean,std,count,mean,std,count,mean,std,count,mean,std,count,mean,std,count,mean,std,count,mean,std,count,mean,std,count,mean,std,count,mean,std,count
Cluster,,,,,,,,,,,,,,,,,,,,,,,,,,,,,,,,,,,,,,,
0,11.692307692307692,8.629486601371502,143,1.2447552447552448,0.5202489005718729,143,1.048951048951049,0.2739556695060823,143,2.125874125874126,0.9848652790341127,143,1.2307692307692308,0.5776629419822124,143,2.204225352112676,0.9342857278138651,142,1.4475524475524475,0.6355470270863782,143,2.902097902097902,1.023076589829686,143,2.7762237762237763,1.0237983710189875,143,1.06993006993007,0.32825508910914314,143,2.5384615384615383,1.1614053578318095,143,1.7972027972027973,1.7863308864956844,143,2.9397590361445785,2.9481263069475387,83
1,11.621301775147929,8.736814321351384,169,1.4319526627218935,0.6790550841203188,169,1.0650887573964498,0.27040559998602814,169,2.2485207100591715,1.0789162611971717,169,1.21301775147929,0.5251494172112304,169,2.1666666666666665,1.1034332196646437,168,1.3254437869822486,0.518127303923744,169,2.9221556886227544,1.1719308132465507,167,2.7916666666666665,1.1880349934697136,168,1.0357142857142858,0.2159190673077106,168,2.5654761904761907,1.1869544429880674,168,2.21301775147929,2.127388518911695,169,3.4479166666666665,3.131738349179143,96
