variable,test,chi2,dof,p_value,cramers_v,n_unique_values,n_samples_used,interpretation
Round,chi_square,23.224649859943977,6,0.0007246250080921642,0.19292223863558766,4,312,moderate
Puzzler,chi_square,9.14733893557423,2,0.01032002116780308,0.17122614877487718,2,312,moderate
Cohort,chi_square,8.051960784313724,10,0.6237613710013927,0.11359482078068116,6,312,moderate
Phase,chi_square,3.4605042016806724,4,0.48390912349114557,0.07446932126980675,3,312,weak
