variable,ari,nmi,n_unique_values,n_samples_used
Phase,-0.002026219483817616,0.005494781674214246,3,312
Puzzler,0.007855999862063751,0.01780084872626346,2,312
Cohort,-0.0010947678062683123,0.009961578395438793,6,312
Round,0.022011004477967704,0.03121209024937061,4,312
