,participant_ID,participant_ID,participant_ID,upset,upset,upset,hostile,hostile,hostile,alert,alert,alert,ashamed,ashamed,ashamed,inspired,inspired,inspired,nervous,nervous,nervous,determined,determined,determined,attentive,attentive,attentive,afraid,afraid,afraid,active,active,active,frustrated,frustrated,frustrated,difficulty,difficulty,difficulty
,mean,std,count,mean,std,count,mean,std,count,mean,std,count,mean,std,count,mean,std,count,mean,std,count,mean,std,count,mean,std,count,mean,std,count,mean,std,count,mean,std,count,mean,std,count
Cluster,,,,,,,,,,,,,,,,,,,,,,,,,,,,,,,,,,,,,,,
0,11.770588235294118,8.855197030265964,170,1.3529411764705883,0.6288127698114107,170,1.0647058823529412,0.2907675548803723,170,2.111764705882353,1.101038967618499,170,1.1294117647058823,0.38579006137847277,170,2.1666666666666665,1.1088466612492787,168,1.2294117647058824,0.4488838305752358,170,2.9404761904761907,1.1514239086425917,168,2.7159763313609466,1.0975266129361636,169,1.029585798816568,0.25415676412306437,169,2.6153846153846154,1.2909944487358054,169,1.8823529411764706,2.043386009439035,170,3.1313131313131315,3.00559500254369,99
1,11.76923076923077,8.55060351746124,91,1.2637362637362637,0.5340654315960595,91,1.054945054945055,0.27335924115579985,91,2.3736263736263736,0.9735199780904076,91,1.2747252747252746,0.6336128166831866,91,2.2747252747252746,0.8700693978187929,91,1.6153846153846154,0.695529067516724,91,3.076923076923077,1.0773503425923068,91,3.076923076923077,1.1569189852628134,91,1.098901098901099,0.3001830943106059,91,2.5714285714285716,0.9326528131310545,91,2.1868131868131866,1.6859688142106437,91,2.980769230769231,3.045346077216033,52
2,11.058823529411764,8.42000419169939,51,1.4705882352941178,0.7029350233548072,51,1.0392156862745099,0.19603921176392147,51,2.1372549019607843,0.8948655282920949,51,1.4313725490196079,0.7551132884748967,51,2.0784313725490198,1.0167229171195455,51,1.4705882352941178,0.578029105719447,51,2.5294117647058822,0.9022846818265416,51,2.4901960784313726,0.9873712375719242,51,1.0392156862745099,0.28005601680560194,51,2.3137254901960786,1.14000343996729,51,2.196078431372549,2.2717359691930508,51,3.9285714285714284,3.219484332168642,28
