variable,ari,nmi,chi_square,chi_square_dof,chi_square_p_value,cramers_v,n_unique_values,n_samples_used
Cohort,0.24326042208695886,0.3693864187097301,223.1194357941015,5,3.1891961085101365e-46,0.8456514629420128,6,312
Puzzler,-0.0002560072932926619,0.002198653785209461,0.7001282286132993,1,0.40274061093136626,0.0473708848633307,2,312
Round,-0.0032698625981324734,0.0009898159596084947,0.6286865726323503,3,0.8898349694079314,0.04488898602251256,4,312
Phase,-0.003520655383540628,0.00021129086339817497,0.11430664956951822,2,0.9444492507865755,0.019140727952953324,3,312
