variable,test,chi2,dof,p_value,cramers_v,n_unique_values,n_samples_used,interpretation
Cohort,chi_square,109.78806959403481,5,4.542421330989255e-22,0.5931988186455021,6,312,very strong
Round,chi_square,3.567191383595692,3,0.3121516132683635,0.10692663707726367,4,312,moderate
Puzzler,chi_square,0.11632145816072909,1,0.7330589267927843,0.01930868163320824,2,312,very weak
Phase,chi_square,0.10339685169842586,2,0.9496152030633566,0.018204399624818252,3,312,very weak
