variable,ari,nmi,n_unique_values,n_samples_used
Phase,-0.004039897160479516,0.00018553442156075942,3,312
Puzzler,-0.0025401770542111215,0.0004795588365552629,2,312
Cohort,0.17361778718821383,0.18960056000648604,6,312
Round,0.0008869773008915787,0.005516761026704129,4,312
