,participant_ID,participant_ID,participant_ID,upset,upset,upset,hostile,hostile,hostile,alert,alert,alert,ashamed,ashamed,ashamed,inspired,inspired,inspired,nervous,nervous,nervous,determined,determined,determined,attentive,attentive,attentive,afraid,afraid,afraid,active,active,active,frustrated,frustrated,frustrated,difficulty,difficulty,difficulty
,mean,std,count,mean,std,count,mean,std,count,mean,std,count,mean,std,count,mean,std,count,mean,std,count,mean,std,count,mean,std,count,mean,std,count,mean,std,count,mean,std,count,mean,std,count
Cluster,,,,,,,,,,,,,,,,,,,,,,,,,,,,,,,,,,,,,,,
0,11.9,8.625440559882781,170,1.3058823529411765,0.5963107369090472,170,1.0705882352941176,0.2994367609784573,170,2.2176470588235295,1.074026485914998,170,1.1588235294117648,0.4660787239918635,170,2.0647058823529414,1.0886402008686995,170,1.3294117647058823,0.5414911538365683,170,2.8698224852071004,1.1980542128269314,169,2.7810650887573964,1.246183240281013,169,1.047337278106509,0.23931078835585243,169,2.514792899408284,1.2397508816374003,169,1.8235294117647058,2.009895464255875,170,3.3763440860215055,3.046430478925558,93
1,11.359154929577464,8.752986561675748,142,1.3943661971830985,0.6408963855455062,142,1.0422535211267605,0.23439190787413172,142,2.1619718309859155,0.9938628980869475,142,1.295774647887324,0.6278267411805304,142,2.3285714285714287,0.9325671009310547,140,1.443661971830986,0.6133809095869628,142,2.9645390070921986,0.9813354422689996,141,2.788732394366197,0.9365016076935831,142,1.056338028169014,0.3099908003055873,142,2.5985915492957745,1.091942502025403,142,2.26056338028169,1.9376068351777402,142,3.0348837209302326,3.061901271772952,86
