,participant_ID,participant_ID,participant_ID,upset,upset,upset,hostile,hostile,hostile,alert,alert,alert,ashamed,ashamed,ashamed,inspired,inspired,inspired,nervous,nervous,nervous,determined,determined,determined,attentive,attentive,attentive,afraid,afraid,afraid,active,active,active,frustrated,frustrated,frustrated,difficulty,difficulty,difficulty
,mean,std,count,mean,std,count,mean,std,count,mean,std,count,mean,std,count,mean,std,count,mean,std,count,mean,std,count,mean,std,count,mean,std,count,mean,std,count,mean,std,count,mean,std,count
Cluster,,,,,,,,,,,,,,,,,,,,,,,,,,,,,,,,,,,,,,,
0,6.858974358974359,8.125196275710177,78,1.294871794871795,0.6264510295632791,78,1.0512820512820513,0.22200011100008318,78,2.0128205128205128,1.0128215666184868,78,1.1538461538461537,0.4580286124143445,78,1.9102564102564104,0.9000129499197832,78,1.3333333333333333,0.5010810823432184,78,2.6025641025641026,1.120525660383445,78,2.5128205128205128,1.2246768960968848,78,1.0128205128205128,0.11322770341445958,78,2.128205128205128,1.1436893406975988,78,1.4615384615384615,1.9784048913419905,78,4.121212121212121,2.9765497618633026,33
1,13.252136752136753,8.267035716317343,234,1.3632478632478633,0.6149912997881817,234,1.0598290598290598,0.28677871388909754,234,2.252136752136752,1.0402292823023982,234,1.2435897435897436,0.575297589031848,234,2.2758620689655173,1.0534314730150025,232,1.3974358974358974,0.6005664762869711,234,3.0172413793103448,1.0809868717095867,232,2.875536480686695,1.0614534560668132,233,1.0643776824034334,0.30818108455758336,233,2.6952789699570814,1.1510205495389754,233,2.2094017094017095,1.9574215722034782,234,3.006849315068493,3.0388214034334173,146
