variable,test,chi2,dof,p_value,cramers_v,n_unique_values,n_samples_used,interpretation
Cohort,chi_square,204.94192958617793,15,2.1006763997077388e-35,0.46792633285239016,6,312,strong
Puzzler,chi_square,26.12764189920682,3,8.968156343672242e-06,0.2893828640134679,2,312,moderate
Round,chi_square,45.50053737704033,9,7.453818881805806e-07,0.2204805779017297,4,312,moderate
Individual,chi_square,20.31517503009295,21,0.5013837649167576,0.14732361259154073,8,312,moderate
Phase,chi_square,2.2837453878615146,6,0.8918416521225971,0.06049668071872371,3,312,weak
