variable,ari,nmi,n_unique_values,n_samples_used
Phase,-0.004341171395492582,0.002998904406176287,3,312
Puzzler,0.03851973340579001,0.04311758309305006,2,312
Cohort,0.1657489860602534,0.25456426441287094,6,312
Round,0.021844358099543562,0.05269266618841828,4,312
Individual,-0.00029667897838931415,0.022665207834473504,8,312
