,upset,upset,upset,hostile,hostile,hostile,alert,alert,alert,ashamed,ashamed,ashamed,inspired,inspired,inspired,nervous,nervous,nervous,determined,determined,determined,attentive,attentive,attentive,afraid,afraid,afraid,active,active,active,frustrated,frustrated,frustrated,difficulty,difficulty,difficulty
,mean,std,count,mean,std,count,mean,std,count,mean,std,count,mean,std,count,mean,std,count,mean,std,count,mean,std,count,mean,std,count,mean,std,count,mean,std,count,mean,std,count
Cluster,,,,,,,,,,,,,,,,,,,,,,,,,,,,,,,,,,,,
0,1.3666666666666667,0.7648904962570575,30,1.1,0.40257789993644877,30,2.1,0.9228890171255884,30,1.2333333333333334,0.6260623155792925,30,2.033333333333333,0.8502873077655143,30,1.5666666666666667,0.7279320417946061,30,2.7,1.1788363637137231,30,2.9,1.1551981469084383,30,1.0,0.0,30,2.3333333333333335,1.1547005383792515,30,1.2,1.749876842957024,30,4.0,3.1622776601683795,16
1,1.4205607476635513,0.7009075407704427,107,1.074766355140187,0.2978202123049146,107,2.308411214953271,1.067630200210419,107,1.2149532710280373,0.4957943385091139,107,2.2095238095238097,1.1154098771927716,105,1.3738317757009346,0.5911830876570495,107,2.9245283018867925,1.1271380800826167,106,2.7383177570093458,1.1102986900365184,107,1.0467289719626167,0.3186995263802112,107,2.588785046728972,1.2205262631420812,107,2.4953271028037385,2.0251896336816744,107,2.7049180327868854,2.923150482470821,61
2,1.3191489361702127,0.5124842710924263,94,1.053191489361702,0.2690893154915974,94,2.297872340425532,1.0141979959187686,94,1.2765957446808511,0.6624207044311919,94,2.3617021276595747,0.9710991868743958,94,1.372340425531915,0.5676596464979543,94,3.106382978723404,1.031421246258793,94,3.127659574468085,0.9530262219050044,94,1.1063829787234043,0.3429186902084189,94,2.8617021276595747,1.0431658166709132,94,2.223404255319149,1.9900519003290347,94,3.1587301587301586,3.0701809824049366,63
3,1.271604938271605,0.5480042353625642,81,1.0246913580246915,0.15614965913950216,81,1.9506172839506173,1.0356306601281806,81,1.1604938271604939,0.4317635383938989,81,2.0,1.0124228365658294,81,1.3333333333333333,0.5,81,2.75,1.1080830750741673,80,2.4,1.1648871298612824,80,1.0125,0.11180339887498948,80,2.225,1.17973393267242,80,1.4691358024691359,1.810292930391974,81,3.769230769230769,3.124281293872059,39
