variable,test,chi2,dof,p_value,cramers_v,n_unique_values,n_samples_used,interpretation
Cohort,chi_square,255.96075607560758,5,2.8905937505643865e-53,0.9057521949760158,6,312,very strong
Individual,chi_square,8.4997299729973,7,0.29059431522983914,0.1650537011776084,8,312,moderate
Puzzler,chi_square,2.372997299729973,1,0.1234498242623311,0.08721101178210011,2,312,weak
Phase,chi_square,0.3650765076507651,2,0.8331527720380649,0.034206973144392215,3,312,very weak
Round,chi_square,0.28082808280828087,3,0.9635929284230167,0.030001500112509377,4,312,very weak
