variable,test,chi2,dof,p_value,cramers_v,n_unique_values,n_samples_used,interpretation
Cohort,chi_square,204.80542270531402,10,1.6040976708347936e-38,0.57289948371246,6,312,very strong
Puzzler,chi_square,18.48463768115942,2,9.685274356029049e-05,0.24340425960418127,2,312,moderate
Individual,chi_square,12.568864734299519,14,0.5607164686517385,0.14192396356208598,8,312,moderate
Round,chi_square,7.040579710144928,6,0.31711071903133997,0.10622137404834978,4,312,moderate
Phase,chi_square,2.718695652173913,4,0.6059471002026211,0.06600669706909303,3,312,weak
