variable,ari,nmi,n_unique_values,n_samples_used
Phase,-0.0020816781308081204,0.003908935326089089,3,312
Puzzler,0.0364939832192537,0.033711439598343794,2,312
Cohort,0.20016184573909335,0.25971090366080674,6,312
Round,0.0015078530436186948,0.009471076840698272,4,312
Individual,-0.0014013331013635474,0.015240305398390223,8,312
