,upset,upset,upset,hostile,hostile,hostile,alert,alert,alert,ashamed,ashamed,ashamed,inspired,inspired,inspired,nervous,nervous,nervous,determined,determined,determined,attentive,attentive,attentive,afraid,afraid,afraid,active,active,active,frustrated,frustrated,frustrated,difficulty,difficulty,difficulty
,mean,std,count,mean,std,count,mean,std,count,mean,std,count,mean,std,count,mean,std,count,mean,std,count,mean,std,count,mean,std,count,mean,std,count,mean,std,count,mean,std,count
Cluster,,,,,,,,,,,,,,,,,,,,,,,,,,,,,,,,,,,,
0,1.425,0.7060661525414639,120,1.0666666666666667,0.28204932321899184,120,2.3,1.0737509843863189,120,1.2166666666666666,0.5051554937136994,120,2.1864406779661016,1.1090085858366316,118,1.375,0.5806762212710108,120,2.899159663865546,1.1379058820154286,119,2.683333333333333,1.1150862598681675,120,1.0416666666666667,0.3011416186942681,120,2.5833333333333335,1.2406513153479144,120,2.375,2.029457434634094,120,2.7611940298507465,2.9750963938486246,67
1,1.34,0.5359782899266792,100,1.05,0.26111648393354675,100,2.23,1.0235114838514305,100,1.27,0.6490863820117712,100,2.37,0.9811866655877832,100,1.36,0.5599422769673258,100,3.101010101010101,1.0350485495361696,99,3.1414141414141414,0.9477158470431708,99,1.101010101010101,0.3348758373301076,99,2.8383838383838382,1.0566318331171671,99,2.2,1.9488406291895182,100,3.235294117647059,3.1104909007336725,68
2,1.25,0.566946709513841,92,1.0543478260869565,0.2719134653388552,92,2.010869565217391,0.9888895450202506,92,1.173913043478261,0.48286452158097565,92,1.9782608695652173,0.9373596407112909,92,1.4130434782608696,0.5958127501604031,92,2.7282608695652173,1.110422757525261,92,2.532608695652174,1.190171166529353,92,1.0108695652173914,0.10425720702853739,92,2.2065217391304346,1.1245320734143607,92,1.3695652173913044,1.8260471408304648,92,3.8636363636363638,3.0161650461511016,44
