variable,test,chi2,dof,p_value,cramers_v,n_unique_values,n_samples_used,interpretation
Round,chi_square,41.06561264822135,3,6.3329872785881664e-09,0.36279547042332794,4,312,strong
Phase,chi_square,3.4529644268774704,2,0.17790915690371475,0.105200730396178,3,312,moderate
Cohort,chi_square,1.9050395256916999,5,0.8621224483238983,0.0781402323753809,6,312,weak
Puzzler,chi_square,0.7553359683794467,1,0.3847920722435736,0.049203136247609164,2,312,very weak
