variable,ari,nmi,n_unique_values,n_samples_used
Phase,0.0024423408712488676,0.006603849728009647,3,312
Puzzler,-4.451359360360857e-05,0.002435419154992674,2,312
Cohort,-0.008552512017375098,0.0026691217716281797,6,312
Round,0.04695889842574933,0.06538591680814168,4,312
