,participant_ID,participant_ID,participant_ID,upset,upset,upset,hostile,hostile,hostile,alert,alert,alert,ashamed,ashamed,ashamed,inspired,inspired,inspired,nervous,nervous,nervous,determined,determined,determined,attentive,attentive,attentive,afraid,afraid,afraid,active,active,active,frustrated,frustrated,frustrated,difficulty,difficulty,difficulty
,mean,std,count,mean,std,count,mean,std,count,mean,std,count,mean,std,count,mean,std,count,mean,std,count,mean,std,count,mean,std,count,mean,std,count,mean,std,count,mean,std,count,mean,std,count
Cluster,,,,,,,,,,,,,,,,,,,,,,,,,,,,,,,,,,,,,,,
0,11.931818181818182,8.706785595188455,220,1.3545454545454545,0.6057014294755646,220,1.0681818181818181,0.3020271898558211,220,2.1863636363636365,1.0541483413696042,220,1.190909090909091,0.47773159858049447,220,2.1422018348623855,1.0263616180745097,218,1.3727272727272728,0.5790732780514557,220,2.91324200913242,1.1074219962869463,219,2.7590909090909093,1.127149024399458,220,1.0636363636363637,0.29539147393342496,220,2.5545454545454547,1.2056667087285446,220,1.9681818181818183,1.9686785693091073,220,3.1640625,3.0164309717092177,128
1,10.98913043478261,8.605511350824742,92,1.326086956521739,0.6480519524041353,92,1.0326086956521738,0.17858337274913305,92,2.2065217391304346,1.0004179728500173,92,1.2934782608695652,0.688014238899756,92,2.282608695652174,1.0305880851447078,92,1.4021739130434783,0.5753122918538647,92,2.912087912087912,1.102001730673693,91,2.8461538461538463,1.0844668625957992,91,1.021978021978022,0.20965696734438366,91,2.5494505494505493,1.0981169363327412,91,2.152173913043478,2.032347111742651,92,3.3333333333333335,3.160168771864355,51
