component,explained_variance_ratio,cumulative_explained_variance_ratio
1,0.40217093,0.40217093
2,0.33571294,0.73788387
3,0.22795126,0.9658351
4,0.023805907,0.989641
5,0.0029194795,0.9925605
6,0.0024188736,0.9949794
7,0.0008632268,0.99584264
8,0.00060333626,0.99644595
9,0.0005425195,0.9969885
10,0.00043594543,0.9974244
11,0.0003125724,0.997737
12,0.0002667842,0.9980038
13,0.00020046893,0.99820423
14,0.00017084925,0.99837506
15,0.0001493181,0.99852437
16,0.00012515622,0.99864954
