variable,test,chi2,dof,p_value,cramers_v,n_unique_values,n_samples_used,interpretation
Individual,chi_square,117.8213768283716,14,1.6788146891632365e-18,0.4345299863298576,8,312,strong
Puzzler,chi_square,13.613352023977908,2,0.0011063643364620458,0.2088840313149637,2,312,moderate
Round,chi_square,9.147933926045667,6,0.165427713895483,0.12107910853036985,4,312,moderate
Cohort,chi_square,7.515446004102962,10,0.6760506896980479,0.10974508636350984,6,312,moderate
Phase,chi_square,5.69037305516266,4,0.22349540731278844,0.09549443747361257,3,312,weak
