,upset,upset,upset,hostile,hostile,hostile,alert,alert,alert,ashamed,ashamed,ashamed,inspired,inspired,inspired,nervous,nervous,nervous,determined,determined,determined,attentive,attentive,attentive,afraid,afraid,afraid,active,active,active,frustrated,frustrated,frustrated,difficulty,difficulty,difficulty
,mean,std,count,mean,std,count,mean,std,count,mean,std,count,mean,std,count,mean,std,count,mean,std,count,mean,std,count,mean,std,count,mean,std,count,mean,std,count,mean,std,count
Cluster,,,,,,,,,,,,,,,,,,,,,,,,,,,,,,,,,,,,
0,1.2871287128712872,0.5354742507976707,101,1.0693069306930694,0.32426611733495253,101,2.2475247524752477,0.9839302881206511,101,1.2475247524752475,0.6067279554142765,101,2.198019801980198,0.8720069034153116,101,1.5742574257425743,0.6833232712774434,101,3.00990099009901,1.0629680099132852,101,2.98019801980198,1.1745654347017196,101,1.0891089108910892,0.28632184342065486,101,2.514851485148515,0.9961311297830081,101,2.1386138613861387,1.6972312922539288,101,3.018867924528302,3.028648886611727,53
1,1.46875,0.7120003121097942,64,1.046875,0.21304202581158665,64,2.09375,0.9209854970162591,64,1.375,0.7014723744122017,64,2.203125,1.1152576398189806,64,1.453125,0.5614518453110422,64,2.71875,1.0759823861188877,64,2.53125,1.02304788945923,64,1.03125,0.25,64,2.515625,1.284735628415681,64,2.265625,2.365373137448948,64,3.3157894736842106,3.205613852399727,38
2,1.3333333333333333,0.6229990801608605,147,1.054421768707483,0.2559514328173097,147,2.197278911564626,1.1204173377436712,147,1.1360544217687074,0.3993051461698323,147,2.1655172413793102,1.0929940600596468,145,1.217687074829932,0.4459406988452504,147,2.9310344827586206,1.140511413149778,145,2.76027397260274,1.0910595579087834,146,1.0342465753424657,0.2732785256371196,146,2.595890410958904,1.240571431866214,146,1.836734693877551,1.9863948769599533,147,3.284090909090909,3.02460736935672,88
