variable,test,chi2,dof,p_value,cramers_v,n_unique_values,n_samples_used,interpretation
Cohort,chi_square,102.1877363143186,5,1.8273357327192465e-20,0.5722978209631995,6,312,very strong
Round,chi_square,3.3338813085648527,3,0.3429547681428705,0.10337077447049982,4,312,moderate
Puzzler,chi_square,0.11540358375801413,1,0.734074154664385,0.019232349863594057,2,312,very weak
Phase,chi_square,0.10258096334045702,2,0.9500026720852138,0.018132433342266042,3,312,very weak
