variable,ari,nmi,n_unique_values,n_samples_used
Phase,-0.00408467202408343,0.00018354211555703025,3,312
Puzzler,-0.0025656918380883554,0.00047441684757878224,2,312
Cohort,0.16495533303803372,0.1659230501728185,6,312
Round,0.0005219963306259973,0.0051549337391350505,4,312
