,participant_ID,participant_ID,participant_ID,upset,upset,upset,hostile,hostile,hostile,alert,alert,alert,ashamed,ashamed,ashamed,inspired,inspired,inspired,nervous,nervous,nervous,determined,determined,determined,attentive,attentive,attentive,afraid,afraid,afraid,active,active,active,frustrated,frustrated,frustrated,difficulty,difficulty,difficulty
,mean,std,count,mean,std,count,mean,std,count,mean,std,count,mean,std,count,mean,std,count,mean,std,count,mean,std,count,mean,std,count,mean,std,count,mean,std,count,mean,std,count,mean,std,count
Cluster,,,,,,,,,,,,,,,,,,,,,,,,,,,,,,,,,,,,,,,
0,11.863636363636363,8.750774517966393,154,1.3831168831168832,0.6386060385899548,154,1.0454545454545454,0.23820980182411922,154,2.168831168831169,1.001992751759068,154,1.2792207792207793,0.6103331699890902,154,2.3157894736842106,0.9449836372077824,152,1.4285714285714286,0.6141803918134654,154,2.9607843137254903,1.0057882019196402,153,2.772727272727273,0.9464258687999233,154,1.0584415584415585,0.3075735309717307,154,2.5974025974025974,1.11155241215182,154,2.207792207792208,1.9425585334518496,154,3.043010752688172,3.003309690609547,93
1,11.449367088607595,8.621220647724096,158,1.3101265822784811,0.5961863806188282,158,1.0696202531645569,0.30110388430131013,158,2.2151898734177213,1.072777050771096,158,1.1645569620253164,0.47699643462555236,158,2.0569620253164556,1.089870388402626,158,1.3354430379746836,0.5366890652748728,158,2.8662420382165603,1.1934411643800653,157,2.7961783439490446,1.2595219560345654,157,1.0445859872611465,0.23599079307839335,157,2.5095541401273884,1.2331834683457852,157,1.8417721518987342,2.017509822543699,158,3.395348837209302,3.107028350530235,86
