variable,test,chi2,dof,p_value,cramers_v,n_unique_values,n_samples_used,interpretation
Cohort,chi_square,101.90581740276863,5,2.0954218830978438e-20,0.5715078386376328,6,312,very strong
Phase,chi_square,1.8767303889255111,2,0.39126695818519236,0.0775574722574581,3,312,weak
Round,chi_square,0.925510876730389,3,0.819267488673168,0.054464493159869794,4,312,weak
Puzzler,chi_square,0.012854317732366513,1,0.9097317657517507,0.00641870207453871,2,312,very weak
