variable,ari,nmi,n_unique_values,n_samples_used
Phase,-0.00027735176264204333,0.0033586483309692838,3,312
Puzzler,-0.003052401413319647,0.00011899352731650224,2,312
Cohort,0.1640318408356416,0.16194337653536525,6,312
Round,-0.003342862143398868,0.0014292779181364823,4,312
