,participant_ID,participant_ID,participant_ID,upset,upset,upset,hostile,hostile,hostile,alert,alert,alert,ashamed,ashamed,ashamed,inspired,inspired,inspired,nervous,nervous,nervous,determined,determined,determined,attentive,attentive,attentive,afraid,afraid,afraid,active,active,active,frustrated,frustrated,frustrated,difficulty,difficulty,difficulty
,mean,std,count,mean,std,count,mean,std,count,mean,std,count,mean,std,count,mean,std,count,mean,std,count,mean,std,count,mean,std,count,mean,std,count,mean,std,count,mean,std,count,mean,std,count
Cluster,,,,,,,,,,,,,,,,,,,,,,,,,,,,,,,,,,,,,,,
0,11.932926829268293,8.743889082616027,164,1.329268292682927,0.63738110737901,164,1.0548780487804879,0.2538790780345124,164,2.1707317073170733,1.0544079611024997,164,1.170731707317073,0.43764226219976143,164,2.1158536585365852,1.0875728041007926,164,1.4024390243902438,0.5831952623697967,164,2.9207317073170733,1.16695164785707,164,2.817073170731707,1.2593507800653614,164,1.0548780487804879,0.25387907803451243,164,2.5853658536585367,1.2769905141798827,164,1.7926829268292683,1.9983907935833016,164,3.4946236559139785,2.9400667543219314,93
1,11.344594594594595,8.614742022059469,148,1.364864864864865,0.5964594933375598,148,1.0608108108108107,0.29105371202527525,148,2.2162162162162162,1.0204743497564037,148,1.277027027027027,0.6475589532266744,148,2.26027397260274,0.9545159056173574,146,1.3581081081081081,0.5715492150637022,148,2.904109589041096,1.0327650674084305,146,2.748299319727891,0.9278310059205176,147,1.0476190476190477,0.2945470944816464,147,2.5170068027210886,1.049159751841879,147,2.277027027027027,1.9476863858865912,148,2.9069767441860463,3.15344035087262,86
