variable,test,chi2,dof,p_value,cramers_v,n_unique_values,n_samples_used,interpretation
Cohort,chi_square,101.54716981132076,5,2.494013383272261e-20,0.5705012691600322,6,312,very strong
Phase,chi_square,2.15464298927118,2,0.3405063533660243,0.08310178708604772,3,312,weak
Round,chi_square,1.3723023800715255,3,0.7120398550424601,0.06632047243748956,4,312,weak
Puzzler,chi_square,0.46170921198668147,1,0.4968262522572281,0.03846865240564102,2,312,very weak
