variable,ari,nmi,n_unique_values,n_samples_used
Phase,0.0003178986632998067,0.003858884731599483,3,312
Puzzler,-0.001204638973490652,0.0014536374652262603,2,312
Cohort,0.16476815763105015,0.1616751469414317,6,312
Round,-0.002635196169593962,0.0021176494755087765,4,312
