,participant_ID,participant_ID,participant_ID,upset,upset,upset,hostile,hostile,hostile,alert,alert,alert,ashamed,ashamed,ashamed,inspired,inspired,inspired,nervous,nervous,nervous,determined,determined,determined,attentive,attentive,attentive,afraid,afraid,afraid,active,active,active,frustrated,frustrated,frustrated,difficulty,difficulty,difficulty
,mean,std,count,mean,std,count,mean,std,count,mean,std,count,mean,std,count,mean,std,count,mean,std,count,mean,std,count,mean,std,count,mean,std,count,mean,std,count,mean,std,count,mean,std,count
Cluster,,,,,,,,,,,,,,,,,,,,,,,,,,,,,,,,,,,,,,,
0,11.584905660377359,8.590030935822382,159,1.320754716981132,0.6296548654477623,159,1.050314465408805,0.24646210940366886,159,2.169811320754717,1.0685820912282844,159,1.1761006289308176,0.4434415348983669,159,2.10062893081761,1.0802892753324065,159,1.389937106918239,0.5836587966921548,159,2.880503144654088,1.165782075050494,159,2.7735849056603774,1.2473999708857046,159,1.0566037735849056,0.25767418881332804,159,2.5660377358490565,1.2903159356362564,159,1.7861635220125787,2.0262979271437382,159,3.50561797752809,2.9623531628574127,89
1,11.72549019607843,8.78787688726683,153,1.3725490196078431,0.6057004746700138,153,1.065359477124183,0.29631958686124604,153,2.215686274509804,1.0061728981287423,153,1.2679738562091503,0.6387336973685598,153,2.271523178807947,0.9656346778807332,151,1.3725490196078431,0.5721882389607057,153,2.947019867549669,1.0378701233468388,151,2.7960526315789473,0.9583292289807592,152,1.0460526315789473,0.2897547670464483,152,2.539473684210526,1.0414049281948188,152,2.2679738562091503,1.9194521420519444,153,2.922222222222222,3.123768171697743,90
