variable,ari,nmi,n_unique_values,n_samples_used
Phase,-0.002710978556177175,0.0035162819444557922,3,312
Puzzler,-0.002617083812871287,0.003950306995163412,2,216
parent,0.08470723317175252,0.1400609232674646,2,96
Cohort,0.003640678437607142,0.014702903436643815,6,312
Round,0.006927863742144319,0.015773912202244462,4,312
Individual,0.04208407558239805,0.10785618510379666,8,312
