,upset,upset,upset,hostile,hostile,hostile,alert,alert,alert,ashamed,ashamed,ashamed,inspired,inspired,inspired,nervous,nervous,nervous,determined,determined,determined,attentive,attentive,attentive,afraid,afraid,afraid,active,active,active,frustrated,frustrated,frustrated,Puzzler,Puzzler,Puzzler,difficulty,difficulty,difficulty,parent,parent,parent
,mean,std,count,mean,std,count,mean,std,count,mean,std,count,mean,std,count,mean,std,count,mean,std,count,mean,std,count,mean,std,count,mean,std,count,mean,std,count,mean,std,count,mean,std,count,mean,std,count
Cluster,,,,,,,,,,,,,,,,,,,,,,,,,,,,,,,,,,,,,,,,,,
0,1.3245614035087718,0.6022908190480053,114,1.0614035087719298,0.30584534582497874,114,2.289473684210526,0.9841548569646911,114,1.263157894736842,0.6104203046262087,114,2.263157894736842,0.8729223787218452,114,1.5175438596491229,0.6682755001322483,114,3.0350877192982457,1.0553682791455368,114,3.026315789473684,1.1324695101546456,114,1.0789473684210527,0.27084714175444674,114,2.6052631578947367,1.0185745814238067,114,2.1578947368421053,1.7976333870206533,114,0.46987951807228917,0.5021259534339566,83,3.096774193548387,2.9847133888782915,62,0.3225806451612903,0.47519096331149147,31
1,1.3709677419354838,0.6333328694553302,62,1.032258064516129,0.1781270439499753,62,2.1774193548387095,0.9670674540086931,62,1.3548387096774193,0.7035454520264915,62,2.2903225806451615,1.0922543505827758,62,1.5161290322580645,0.5651616766754931,62,2.7419354838709675,1.039159241981547,62,2.596774193548387,1.0316257648330482,62,1.032258064516129,0.254000254000381,62,2.6451612903225805,1.3561852742708602,62,1.903225806451613,2.193206182284656,62,0.5813953488372093,0.4991687442297913,43,3.4722222222222223,3.1936196312658063,36,0.9473684210526315,0.22941573387056177,19
2,1.3529411764705883,0.6269197097237311,136,1.0661764705882353,0.27761433099823773,136,2.1176470588235294,1.1092795361515597,136,1.125,0.3739181926769743,136,2.0671641791044775,1.1117808054237668,134,1.2058823529411764,0.44083501673820197,136,2.888059701492537,1.167610810127985,134,2.6666666666666665,1.1062913707585924,135,1.037037037037037,0.2840907834564274,135,2.466666666666667,1.2081810677780516,135,1.963235294117647,2.045439690973988,136,0.4888888888888889,0.5026769786045272,90,3.185185185185185,3.0663949154956827,81,0.43478260869565216,0.5012062743707416,46
