variable,test,chi2,dof,p_value,cramers_v,n_unique_values,n_samples_used,interpretation
Cohort,chi_square,229.05304928989136,5,1.7067143745179848e-47,0.8568222620530187,6,312,very strong
Individual,chi_square,21.015037593984964,7,0.003747957364132949,0.25953013259409935,8,312,moderate
Round,chi_square,1.4335839598997493,3,0.6976816895438289,0.0677851044425991,4,312,weak
Phase,chi_square,0.6842105263157895,2,0.7102734351492537,0.0468292905790847,3,312,very weak
Puzzler,chi_square,0.14661654135338345,1,0.7017899112070574,0.021677749238103,2,312,very weak
