{
  "model": "QuestionnaireKMeans",
  "input_dir": "advanced/outputs/conv_ae_32_cohort_norm",
  "questionnaire_columns": [
    "upset",
    "hostile",
    "alert",
    "ashamed",
    "inspired",
    "nervous",
    "determined",
    "attentive",
    "afraid",
    "active",
    "frustrated",
    "difficulty"
  ],
  "n_clusters": 3,
  "best_k": 3,
  "selection_metric": "fixed_k",
  "silhouette": 0.22625448539238036,
  "note": "Clusters were fitted using questionnaire variables only with fixed k=3. This tests whether self-reported emotions themselves separate the three experimental phases.",
  "evaluation": {
    "Phase_ari": 0.09576774125041179,
    "Phase_nmi": 0.13097067087056638,
    "Puzzler_ari": -0.002926224466011793,
    "Puzzler_nmi": 0.0009446430151408154,
    "Cohort_ari": 0.04259066129104293,
    "Cohort_nmi": 0.06176830514160801,
    "Round_ari": 0.0010701064278060887,
    "Round_nmi": 0.01090607505303612,
    "Individual_ari": 0.011878973107404002,
    "Individual_nmi": 0.034840692402796004
  }
}