variable,ari,nmi,n_unique_values,n_samples_used
Phase,-0.003520655383540628,0.00021129086339817497,3,312
Cohort,0.24326042208695886,0.3693864187097301,6,312
Round,-0.0032698625981324734,0.0009898159596084947,4,312
Individual,0.002630282085547236,0.022187556166505064,8,312
