,upset,upset,upset,hostile,hostile,hostile,alert,alert,alert,ashamed,ashamed,ashamed,inspired,inspired,inspired,nervous,nervous,nervous,determined,determined,determined,attentive,attentive,attentive,afraid,afraid,afraid,active,active,active,frustrated,frustrated,frustrated,difficulty,difficulty,difficulty
,mean,std,count,mean,std,count,mean,std,count,mean,std,count,mean,std,count,mean,std,count,mean,std,count,mean,std,count,mean,std,count,mean,std,count,mean,std,count,mean,std,count
Cluster,,,,,,,,,,,,,,,,,,,,,,,,,,,,,,,,,,,,
0,1.3018867924528301,0.6042675427759385,106,1.0943396226415094,0.3526309790240717,106,1.971698113207547,1.0370061961500272,106,1.179245283018868,0.5126433794572478,106,1.9622641509433962,0.9848812188655208,106,1.3679245283018868,0.5576390998471563,106,2.704761904761905,1.1429029294857487,105,2.466666666666667,1.2252681548469508,105,1.0380952380952382,0.19234431885641173,105,2.2666666666666666,1.2268366660351353,105,1.5754716981132075,1.902119685821945,106,4.020408163265306,2.8974830738531168,49
1,1.3689320388349515,0.6245434041373208,206,1.0388349514563107,0.21740509999570842,206,2.3058252427184467,1.021077885060536,206,1.2427184466019416,0.5668228857020716,206,2.299019607843137,1.0333355144036829,204,1.3883495145631068,0.5882261006928785,206,3.0195121951219512,1.0708296930269523,205,2.9466019417475726,1.0179190186756395,206,1.058252427184466,0.3068404755456887,206,2.6990291262135924,1.1204089101648531,206,2.2524271844660193,1.9937387190998443,206,2.9076923076923076,3.0612510839794203,130
