variable,ari,nmi,n_unique_values,n_samples_used
Phase,-0.0020825784172206017,0.0012933096446229786,3,312
Cohort,0.21980190894392884,0.3506736424372647,6,312
Round,-0.0018025660565452655,0.0022841192409474792,4,312
Individual,0.004812454856864975,0.031013172211472383,8,312
