,upset,upset,upset,hostile,hostile,hostile,alert,alert,alert,ashamed,ashamed,ashamed,inspired,inspired,inspired,nervous,nervous,nervous,determined,determined,determined,attentive,attentive,attentive,afraid,afraid,afraid,active,active,active,frustrated,frustrated,frustrated,Puzzler,Puzzler,Puzzler,difficulty,difficulty,difficulty,parent,parent,parent
,mean,std,count,mean,std,count,mean,std,count,mean,std,count,mean,std,count,mean,std,count,mean,std,count,mean,std,count,mean,std,count,mean,std,count,mean,std,count,mean,std,count,mean,std,count,mean,std,count
Cluster,,,,,,,,,,,,,,,,,,,,,,,,,,,,,,,,,,,,,,,,,,
0,1.3214285714285714,0.6430483555748923,84,1.0833333333333333,0.31844249479295295,84,2.0476190476190474,1.0285650538465048,84,1.1428571428571428,0.442959845955689,84,1.9285714285714286,0.9155380837454528,84,1.3452380952380953,0.5028604352367052,84,2.6547619047619047,1.1139211931529827,84,2.5595238095238093,1.2158708562940856,84,1.0119047619047619,0.10910894511799617,84,2.1785714285714284,1.152898017263445,84,1.5238095238095237,1.9603060400127865,84,0.5454545454545454,0.5017452060042545,66,4.131578947368421,2.914743998137734,38,0.4444444444444444,0.5113099925649136,18
1,1.355263157894737,0.6091218645405445,228,1.0482456140350878,0.252470596234606,228,2.245614035087719,1.0372906381511309,228,1.25,0.5814685949148474,228,2.2787610619469025,1.0529071988174141,226,1.394736842105263,0.6027604787641831,228,3.0088495575221237,1.0872642546725668,226,2.86784140969163,1.0643774246814217,227,1.066079295154185,0.3120642843682405,227,2.6916299559471364,1.1529379495700742,227,2.206140350877193,1.9681510403573672,228,0.48,0.5012735458661617,150,2.9645390070921986,3.0482110620534,141,0.5128205128205128,0.5030708231255846,78
