variable,ari,nmi,n_unique_values,n_samples_used
Phase,0.09576774125041179,0.13097067087056638,3,312
Puzzler,-0.002926224466011793,0.0009446430151408154,2,312
Cohort,0.04259066129104293,0.06176830514160801,6,312
Round,0.0010701064278060887,0.01090607505303612,4,312
Individual,0.011878973107404002,0.034840692402796004,8,312
