,upset,upset,upset,hostile,hostile,hostile,alert,alert,alert,ashamed,ashamed,ashamed,inspired,inspired,inspired,nervous,nervous,nervous,determined,determined,determined,attentive,attentive,attentive,afraid,afraid,afraid,active,active,active,frustrated,frustrated,frustrated,difficulty,difficulty,difficulty
,mean,std,count,mean,std,count,mean,std,count,mean,std,count,mean,std,count,mean,std,count,mean,std,count,mean,std,count,mean,std,count,mean,std,count,mean,std,count,mean,std,count
Cluster,,,,,,,,,,,,,,,,,,,,,,,,,,,,,,,,,,,,
0,2.30188679245283,0.7228391048864024,53,1.2641509433962264,0.5599087630425025,53,2.5660377358490565,0.930455512148261,53,1.9811320754716981,0.8877492290951714,53,1.8846153846153846,0.7580637397238854,52,1.5849056603773586,0.6915412625808811,53,3.0377358490566038,0.89790919857324,53,3.1132075471698113,1.1207891683728681,53,1.169811320754717,0.5089902922077038,53,2.981132075471698,1.0093898773656795,53,4.69811320754717,1.8665569461153435,53,6.181818181818182,2.116081583611308,44
1,1.1300813008130082,0.3377687052615025,123,1.008130081300813,0.09016696346674323,123,2.796747967479675,0.9996667444170462,123,1.08130081300813,0.27441430729558175,123,3.032520325203252,0.8582765742242928,123,1.4471544715447155,0.603313963238079,123,3.7642276422764227,0.7474689621606878,123,3.5365853658536586,0.8127335268621108,123,1.032520325203252,0.1781029058586726,123,3.430894308943089,0.8596730298468335,123,1.4634146341463414,1.543323446687557,123,2.7738095238095237,2.7956557972639757,84
2,1.1691176470588236,0.3762415902113867,136,1.0220588235294117,0.14741786236338814,136,1.5,0.6085806194501846,136,1.0514705882352942,0.221772420593607,136,1.525925925925926,0.6444901910908982,135,1.2426470588235294,0.4634224299533612,136,2.082089552238806,0.7951782082637465,134,1.9703703703703703,0.7425323827376427,135,1.0222222222222221,0.19187475185133127,135,1.5851851851851853,0.627541818612307,135,1.4852941176470589,1.4856613148640778,136,1.3725490196078431,2.181382903698711,51
