variable,ari,nmi,n_unique_values,n_samples_used
Phase,0.08590674623135393,0.07754081167350206,3,312
Puzzler,-0.002184447713162928,0.000744527699924266,2,312
Cohort,0.029051083967160992,0.041374506706524386,6,312
Round,0.003813533431176736,0.008335903095962239,4,312
Individual,0.008615175951085689,0.02643996158959685,8,312
