,upset,upset,upset,hostile,hostile,hostile,alert,alert,alert,ashamed,ashamed,ashamed,inspired,inspired,inspired,nervous,nervous,nervous,determined,determined,determined,attentive,attentive,attentive,afraid,afraid,afraid,active,active,active,frustrated,frustrated,frustrated,difficulty,difficulty,difficulty
,mean,std,count,mean,std,count,mean,std,count,mean,std,count,mean,std,count,mean,std,count,mean,std,count,mean,std,count,mean,std,count,mean,std,count,mean,std,count,mean,std,count
Cluster,,,,,,,,,,,,,,,,,,,,,,,,,,,,,,,,,,,,
0,1.2787878787878788,0.5248446783930901,165,1.0484848484848486,0.24209604539492385,165,1.5212121212121212,0.6206593542342866,165,1.1090909090909091,0.3665625062024714,165,1.6134969325153374,0.696775229661291,163,1.2181818181818183,0.4427288890275862,165,2.208588957055215,0.8567379112186384,163,2.0609756097560976,0.7964270053567932,164,1.0426829268292683,0.30031904826311523,164,1.7439024390243902,0.7059949357602843,164,1.7818181818181817,1.8148195074963671,165,1.8970588235294117,2.5866459922118175,68
1,1.4217687074829932,0.7015166550911216,147,1.0680272108843538,0.3020447201212536,147,2.945578231292517,0.8819523247231232,147,1.346938775510204,0.6789704254911556,147,2.816326530612245,0.9652908438369313,147,1.564625850340136,0.6523721436785378,147,3.693877551020408,0.7729346753127402,147,3.5918367346938775,0.8255766107910005,147,1.0612244897959184,0.2405612671062373,147,3.45578231292517,0.9007705416620377,147,2.292517006802721,2.1364766936196657,147,4.018018018018018,3.042074597083026,111
